age,gender,daily_social_media_hours,platform_usage,sleep_hours,screen_time_before_sleep,academic_performance,physical_activity,social_interaction_level,stress_level,anxiety_level,addiction_level,depression_label
16.0,1.0,7.5,1.0,7.8,1.3,60.0,0.0,2.0,4.0,5.0,8.0,0
16.0,1.0,3.4,1.0,7.8,2.8,26.0,17.0,2.0,6.0,6.0,4.0,0
18.0,1.0,4.6,1.0,6.8,1.5,6.0,3.0,2.0,5.0,10.0,2.0,0
16.0,0.0,8.0,0.0,8.1,2.5,109.0,10.0,2.0,4.0,5.0,7.0,0
17.0,0.0,6.6,1.0,5.3,1.1,12.0,10.0,2.0,1.0,10.0,7.0,0
17.0,1.0,5.0,1.0,7.3,1.9,26.0,14.0,1.0,8.0,9.0,9.0,0
14.0,0.0,5.1,0.0,6.3,1.6,109.0,15.0,2.0,7.0,2.0,7.0,0
15.0,0.0,6.2,1.0,6.3,1.7,125.0,8.0,1.0,9.0,6.0,2.0,0
19.0,0.0,2.9,2.0,4.0,0.5,9.0,18.0,1.0,7.0,6.0,3.0,0
15.53670448940072,1.0,7.353670448940072,0.2683522447003598,4.448857918110468,2.1536704489400718,187.53670448940073,14.0,0.5367044894007196,9.194943265898921,9.73164775529964,2.610113468202159,1
13.0,0.0,3.1,1.0,5.4,1.9,78.0,14.0,0.0,7.0,4.0,2.0,0
17.0,0.0,1.7,2.0,7.0,0.8,173.0,7.0,1.0,7.0,7.0,10.0,0
18.0,0.0,6.0,2.0,6.1,0.9,170.0,11.0,2.0,2.0,10.0,10.0,0
16.0,1.0,4.3,0.0,6.0,1.4,88.0,10.0,0.0,8.0,7.0,4.0,0
19.0,0.0,2.1,2.0,5.6,2.4,85.0,19.0,1.0,9.0,3.0,4.0,0
18.0,0.0,2.9,1.0,7.5,0.6,190.0,19.0,1.0,4.0,7.0,4.0,0
18.222479864020507,0.0,6.688991945608203,1.0,4.6360660237964115,1.9695539422087158,28.69322064590259,8.05619966005127,0.805619966005127,8.611239932010253,9.805619966005127,4.360660237964112,1
19.0,1.0,1.1,1.0,5.1,2.2,145.0,7.0,0.0,7.0,7.0,2.0,0
15.0,1.0,7.4,2.0,8.4,1.9,178.0,1.0,1.0,9.0,9.0,4.0,0
16.0,1.0,3.6,1.0,8.8,1.2,116.0,12.0,0.0,2.0,4.0,5.0,0
15.684233026512157,1.0,6.1525708284171765,1.3157669734878432,4.74207376288298,1.4368466053024314,144.63153394697568,12.263067893951373,1.0,7.631533946975686,7.0,8.421165132560784,1
17.0,1.0,2.2,2.0,7.2,0.5,19.0,9.0,2.0,10.0,4.0,8.0,0
16.0,0.0,5.1,1.0,4.6,1.1,83.0,0.0,2.0,6.0,3.0,6.0,0
15.773824883145467,0.2579416277151556,7.6452350233709065,1.7420583722848444,4.406353302172125,1.9194408605993911,38.805591394006086,3.5476497662909336,0.0,9.48411674456969,7.257941627715155,7.710291861424222,1
18.0,0.0,2.5,1.0,4.6,2.2,167.0,5.0,2.0,9.0,5.0,10.0,0
19.0,0.0,2.1,0.0,8.8,2.3,40.0,9.0,1.0,5.0,5.0,3.0,0
14.0,1.0,3.9,2.0,7.0,2.8,56.0,15.0,0.0,8.0,2.0,8.0,0
13.0,0.0,1.5,2.0,4.2,1.4,14.0,12.0,1.0,4.0,5.0,8.0,0
17.12522736082012,0.4686931597949703,7.840607947938492,0.9373863195899406,4.903039739692455,1.9906988922665387,148.1252273608201,16.06261368041006,0.4686931597949703,8.46869315979497,8.06261368041006,4.46869315979497,1
16.0,0.0,4.9,0.0,5.7,1.2,166.0,15.0,2.0,8.0,2.0,1.0,0
16.0,0.0,2.5,0.0,6.8,1.0,8.0,19.0,1.0,3.0,9.0,9.0,0
13.0,0.0,3.5,1.0,5.8,1.2,151.0,0.0,2.0,4.0,1.0,8.0,0
19.0,0.0,1.8,1.0,6.0,2.3,1.0,19.0,2.0,5.0,6.0,8.0,0
15.0,1.0,1.1,1.0,8.6,2.3,119.0,12.0,0.0,1.0,2.0,7.0,0
17.56613708582291,0.3584657285442726,7.749073990019009,0.6415342714557274,4.4849205628734365,1.0735451656708364,180.58465728544272,7.584657285442726,1.2830685429114548,8.716931457088545,8.716931457088545,4.207671357278636,1
14.0,0.0,3.4,2.0,5.8,3.0,81.0,4.0,2.0,1.0,4.0,4.0,0
16.6611091570374,0.44629694765419925,5.753703052345801,0.44629694765419925,4.769445421481299,2.219813968049541,64.8925938953084,11.124078633579394,1.1074061046916015,7.0,8.446296947654199,2.3388908429625976,1
16.0,1.0,5.9,1.0,7.0,0.8,89.0,16.0,0.0,6.0,8.0,1.0,0
16.0,1.0,6.3,0.0,6.9,1.3,23.0,3.0,0.0,9.0,2.0,10.0,0
17.0,1.0,6.9,1.0,6.1,2.4,8.0,8.0,2.0,9.0,4.0,9.0,0
17.0,0.0,4.7,1.0,5.1,2.0,188.0,17.0,0.0,8.0,9.0,1.0,0
16.0,1.0,4.2,2.0,7.3,1.1,98.0,16.0,2.0,1.0,6.0,2.0,0
14.0,1.0,2.0,2.0,5.0,2.6,127.0,20.0,0.0,5.0,4.0,3.0,0
18.0,0.0,6.7,0.0,8.8,1.9,63.0,19.0,0.0,5.0,8.0,3.0,0
16.0,0.0,5.8,2.0,8.9,1.1,186.0,13.0,2.0,8.0,5.0,9.0,0
13.0,1.0,5.8,0.0,6.1,1.2,36.0,17.0,2.0,6.0,10.0,6.0,0
18.0,0.0,3.2,2.0,8.8,1.2,65.0,8.0,2.0,7.0,6.0,10.0,0
19.0,0.0,5.3,1.0,8.4,0.6,16.0,14.0,2.0,9.0,4.0,6.0,0
18.0,0.0,5.0,2.0,7.6,2.0,75.0,12.0,0.0,4.0,3.0,3.0,0
16.0,1.0,6.0,2.0,4.1,2.4,68.0,8.0,1.0,1.0,6.0,3.0,0
18.132074420988154,0.4339627895059237,7.7830186052470385,1.0,5.0037739526541465,1.2811330211106626,182.2075534740711,8.339627895059238,2.0,7.566037210494076,8.433962789505923,6.433962789505924,1
19.0,0.0,6.0,2.0,7.1,0.9,88.0,15.0,0.0,1.0,6.0,5.0,0
19.0,0.0,2.7,0.0,6.3,1.3,84.0,9.0,1.0,7.0,5.0,7.0,0
13.0,1.0,3.5,0.0,5.3,1.7,150.0,1.0,1.0,6.0,10.0,8.0,0
15.0,0.0,6.4,1.0,6.9,2.9,142.0,7.0,0.0,8.0,4.0,8.0,0
19.0,0.0,6.5,2.0,8.1,2.3,92.0,14.0,1.0,8.0,8.0,6.0,0
15.0,1.0,5.5,2.0,4.0,2.4,0.0,7.0,0.0,10.0,3.0,2.0,0
13.0,1.0,4.0,2.0,4.5,1.0,44.0,17.0,0.0,5.0,6.0,5.0,0
15.0,0.0,6.8,2.0,6.6,2.1,45.0,10.0,0.0,10.0,10.0,8.0,0
18.0,1.0,2.1,2.0,6.7,0.9,178.0,5.0,0.0,3.0,5.0,7.0,0
18.0,0.0,5.5,0.0,5.0,0.9,148.0,8.0,0.0,4.0,10.0,10.0,0
18.0,0.0,3.5,1.0,6.3,2.9,124.0,16.0,1.0,1.0,4.0,2.0,0
18.0,0.0,4.1,0.0,6.7,2.1,114.0,15.0,2.0,8.0,1.0,5.0,0
14.0,0.0,4.0,1.0,4.9,2.7,48.0,12.0,1.0,7.0,8.0,6.0,0
15.92045291775673,0.0,7.7,0.0,4.302651569408109,2.2920452917756733,165.9109932582569,18.02651569408109,0.5132578470405449,8.0,7.973484305918911,6.05303138816218,1
18.0,1.0,1.9,1.0,5.8,1.7,136.0,18.0,0.0,6.0,5.0,1.0,0
18.052713538814253,0.0,7.952635676940712,0.8421189231357087,4.6526356769407125,0.7368216152964369,177.63152430745717,6.36821615296437,1.8421189231357087,8.0,7.8421189231357085,6.315762153728583,1
16.0,1.0,2.0,0.0,8.7,1.2,61.0,2.0,0.0,8.0,8.0,4.0,0
13.0,1.0,3.3,1.0,6.4,1.0,163.0,19.0,0.0,9.0,2.0,4.0,0
18.0,1.0,1.3,2.0,4.9,0.9,174.0,2.0,2.0,4.0,9.0,8.0,0
18.637281608315128,1.0,7.390932040207878,1.8186408041575641,4.372796120623635,1.4634757185448524,196.09320402078782,8.544077587527308,0.0,9.090679597921218,7.272038793763654,4.637281608315128,1
15.0,0.0,1.3,1.0,7.5,1.3,13.0,3.0,0.0,1.0,5.0,2.0,0
17.0,1.0,5.3,0.0,6.6,0.6,152.0,15.0,1.0,3.0,7.0,1.0,0
14.0,0.0,3.2,0.0,5.4,2.6,100.0,7.0,0.0,9.0,1.0,7.0,0
14.441706546392902,0.0,5.714122798967807,0.5582934536070976,4.2674880360821295,1.6275837474250952,139.18389164950062,7.1412279896780735,2.0,9.0,8.674880360821293,3.0,1
15.0,1.0,7.3,2.0,5.7,2.9,3.0,17.0,2.0,2.0,7.0,8.0,0
14.450499251969543,0.450499251969543,6.920798803151269,1.0,4.805449326772589,0.6099001496060914,125.34151271651777,7.044508228335027,1.099001496060914,8.549500748030457,9.549500748030457,3.0,1
14.0,0.0,4.1,1.0,8.0,3.0,29.0,1.0,0.0,8.0,4.0,1.0,0
16.267688020625112,0.6830779948437223,7.904923398453117,1.3661559896874447,5.224616992265584,1.711998606703161,147.26768802062512,15.633844010312556,0.6830779948437223,8.683077994843723,7.633844010312555,4.683077994843722,1
15.39420261543162,0.8685991281894603,5.33140087181054,0.8685991281894603,5.4028986922841895,1.6708211333537015,65.73719825637892,14.080193897326222,0.26280174362107944,7.0,8.86859912818946,3.6057973845683806,1
14.0,1.0,7.3,0.0,7.7,1.4,37.0,11.0,2.0,6.0,1.0,8.0,0
18.0,0.0,7.7,2.0,6.6,1.6,94.0,13.0,1.0,3.0,3.0,9.0,0
15.877961765155222,0.8779617651552212,7.009834411360301,0.24407646968955765,5.604738824248353,0.7830573522671682,43.14573235608655,10.779617651552211,0.8779617651552212,10.0,7.877961765155221,9.877961765155222,1
18.0,1.0,7.5,1.0,7.5,1.4,198.0,20.0,0.0,2.0,9.0,2.0,0
17.0,1.0,1.1,1.0,8.2,2.7,33.0,18.0,1.0,2.0,4.0,1.0,0
15.0,1.0,7.2,1.0,8.0,1.4,71.0,14.0,2.0,10.0,5.0,7.0,0
18.0,0.0,5.3,0.0,4.9,1.2,20.0,9.0,0.0,5.0,4.0,5.0,0
18.0,0.0,1.2,1.0,8.0,1.7,95.0,15.0,0.0,6.0,4.0,2.0,0
17.0,1.0,5.8,0.0,4.1,2.9,179.0,14.0,1.0,9.0,6.0,8.0,0
19.0,0.0,2.5,1.0,7.1,1.9,188.0,8.0,0.0,4.0,4.0,8.0,0
15.0,0.0,4.0,1.0,8.4,2.3,120.0,7.0,0.0,4.0,5.0,3.0,0
17.0,0.0,1.3,2.0,8.3,1.0,180.0,9.0,2.0,4.0,1.0,1.0,0
15.0,1.0,7.3,0.0,4.1,2.1,187.0,14.0,0.0,10.0,10.0,1.0,1
19.0,1.0,5.4,1.0,4.4,2.3,155.0,14.0,1.0,3.0,3.0,8.0,0
16.0,0.0,1.9,2.0,5.8,2.1,42.0,4.0,2.0,3.0,3.0,2.0,0
18.0,1.0,1.1,2.0,4.9,2.6,34.0,6.0,1.0,9.0,7.0,6.0,0
17.0,1.0,5.1,1.0,8.6,1.9,122.0,8.0,0.0,1.0,7.0,8.0,0
16.0,0.0,2.6,0.0,5.1,0.9,79.0,3.0,2.0,8.0,5.0,8.0,0
18.0,0.0,5.6,2.0,8.0,2.4,70.0,2.0,0.0,2.0,10.0,3.0,0
16.855415061658324,0.5722924691708383,6.6006047284195875,0.0,5.072897197590425,1.5409565678241557,52.554150616583236,10.289169876683353,1.4277075308291618,8.716877407512515,8.0,6.150632222537545,1
16.818222385724237,0.636370397620706,7.509088880713788,1.272740795241412,4.4,1.6181777614275763,191.1819263619313,11.999925626172233,0.363629602379294,8.636370397620706,7.0,6.0908888071378815,1
15.566564780745122,0.0,5.626625912298048,1.0,5.1008511633696045,0.8407900318166763,41.30881729146068,1.416411951862802,0.14164119518628016,7.283282390372561,9.14164119518628,9.008511633696038,1
18.0,0.0,4.2,0.0,5.5,1.8,26.0,13.0,0.0,3.0,8.0,8.0,0
14.195799957622171,1.0,6.00420004237783,1.402100021188915,5.037059970335519,1.902100021188915,59.164299639788446,15.402100021188915,0.0,8.206300063566744,9.0,3.597899978811085,1
15.534871711140976,1.0,7.2,1.4930256577718048,4.605579473782556,1.9423282235489854,46.46512828885903,11.944205262174439,0.0,8.98605131554361,8.493025657771804,3.506974342228195,1
15.0,0.0,6.9,0.0,6.2,0.6,4.0,18.0,0.0,3.0,1.0,4.0,0
13.0,0.0,4.3,1.0,7.5,2.7,89.0,1.0,1.0,1.0,10.0,1.0,0
18.0,1.0,1.9,2.0,5.1,2.9,104.0,19.0,0.0,4.0,3.0,2.0,0
16.0,1.0,3.1,0.0,7.9,1.2,154.0,5.0,1.0,2.0,2.0,5.0,0
15.070427488160098,0.0,7.7,0.0,4.330985750394664,2.2070427488160096,170.30279131117283,18.309857503946635,0.654928751973317,8.0,7.690142496053366,6.619715007893268,1
17.65008913741593,0.33747771564601803,6.077442060679647,0.33747771564601803,4.637477715646018,1.0300178274831855,98.11189832244249,4.31261142176991,1.325044568707964,9.325044568707964,8.337477715646019,7.637655990477874,1
14.0,1.0,7.8,1.0,4.7,2.2,57.0,4.0,0.0,5.0,8.0,2.0,0
15.0,1.0,1.1,0.0,4.6,1.8,188.0,8.0,2.0,10.0,6.0,6.0,0
19.0,1.0,7.3,0.0,7.8,1.0,115.0,1.0,2.0,9.0,7.0,5.0,0
15.0,0.0,6.3,1.0,6.8,1.8,14.0,13.0,1.0,10.0,5.0,5.0,0
13.0,1.0,3.6,1.0,8.7,0.8,103.0,6.0,0.0,4.0,6.0,8.0,0
16.54628233351438,0.5910470555857301,7.522685883324281,1.1820941111714602,4.4,1.6453717666485619,190.45675288937167,12.498482388556969,0.4089529444142699,8.59104705558573,7.0,6.22685883324281,1
17.257940135690635,0.5806866214364547,6.941931337856355,0.41931337856354534,5.254892607867391,1.312832743558027,36.03304580729264,11.161373242872909,1.0,9.580686621436454,8.838626757127091,7.064806350055183,1
16.0,0.0,7.6,1.0,4.3,2.7,110.0,11.0,2.0,3.0,9.0,10.0,0
15.0,1.0,2.7,2.0,8.5,0.8,115.0,6.0,0.0,6.0,3.0,1.0,0
14.0,1.0,4.7,1.0,4.4,2.1,2.0,7.0,0.0,10.0,1.0,4.0,0
16.0,0.0,8.0,0.0,5.5,1.4,70.0,11.0,2.0,2.0,5.0,2.0,0
15.0,0.19632792310088554,5.669350976992568,0.3926558462017711,4.414124676961417,2.505508115348672,146.80367207689912,3.7485909234123973,1.8036720768991144,9.0,7.0,3.3926558462017713,1
14.502551691139423,0.751275845569712,5.846682801518749,0.751275845569712,5.450765507341827,1.5746172463290864,62.51786183797597,11.269137683545681,0.4974483088605759,7.248724154430288,9.248724154430288,3.751275845569712,1
15.0,1.0,3.3,0.0,6.5,1.3,151.0,11.0,2.0,7.0,6.0,7.0,0
16.0,1.0,2.6,2.0,8.6,1.3,71.0,16.0,1.0,5.0,3.0,1.0,0
19.0,1.0,1.8,0.0,4.5,2.8,1.0,16.0,2.0,5.0,3.0,10.0,0
16.371795484841186,1.0,6.1145303232274575,1.0,5.325640903031763,1.454273483838627,55.940166444497976,11.7991438687039,0.0,7.457265161613728,8.542734838386272,4.0,1
19.0,0.0,6.6,2.0,6.0,2.1,33.0,0.0,0.0,9.0,4.0,5.0,0
19.0,0.0,1.6,2.0,4.4,1.4,50.0,8.0,1.0,2.0,9.0,5.0,0
13.0,0.0,3.9,2.0,4.5,1.6,10.0,4.0,1.0,6.0,6.0,5.0,0
19.0,1.0,7.4,2.0,4.4,2.4,5.0,4.0,1.0,3.0,5.0,7.0,0
15.0,0.0,4.4,0.0,6.0,0.5,122.0,5.0,2.0,1.0,6.0,10.0,0
19.0,1.0,5.2,0.0,6.6,1.6,41.0,3.0,0.0,2.0,6.0,10.0,0
16.0,0.0,2.3,1.0,8.8,1.0,110.0,20.0,2.0,6.0,10.0,10.0,0
15.0,0.0,6.5,1.0,5.4,2.1,189.0,17.0,0.0,7.0,3.0,6.0,0
18.0,1.0,7.0,2.0,6.3,1.6,63.0,12.0,2.0,10.0,1.0,8.0,0
16.0,1.0,7.8,2.0,7.4,0.7,144.0,9.0,2.0,10.0,4.0,9.0,0
18.602568636931654,1.0,7.419871568153417,1.8012843184658276,4.5987156815341725,1.5788441133807551,195.41027454772663,9.192294089205035,0.3974313630683448,8.602568636931656,7.397431363068344,5.397431363068344,1
14.0,1.0,4.1,1.0,5.4,2.4,127.0,6.0,0.0,9.0,5.0,10.0,0
15.0,1.0,2.7,1.0,7.6,2.5,4.0,13.0,1.0,1.0,8.0,7.0,0
13.0,1.0,3.8,0.0,7.9,1.3,97.0,18.0,2.0,7.0,10.0,9.0,0
16.0,1.0,6.4,1.0,5.9,2.8,36.0,6.0,1.0,1.0,3.0,7.0,0
13.0,1.0,4.4,0.0,5.5,2.7,158.0,11.0,0.0,5.0,1.0,5.0,0
14.0,0.0,2.8,2.0,4.3,3.0,111.0,13.0,2.0,9.0,3.0,7.0,0
15.0,0.3972181179767015,6.251932542132434,0.794436235953403,4.735548988762722,2.2041728230349475,146.6027818820233,6.56105365167382,1.6027818820232986,9.0,7.0,3.7944362359534027,1
18.54646859580264,0.1133828510493401,7.920632004265462,0.8866171489506599,4.631970289370396,0.6814125616789442,178.1338285104934,5.133828510493402,1.7732342979013198,8.22676570209868,8.22676570209868,5.433085744753299,1
16.0,1.0,3.8,1.0,5.3,1.5,7.0,0.0,1.0,5.0,10.0,5.0,0
15.388279253765647,1.0,6.82930186558588,1.0,4.911720746234352,0.8882792537656478,126.87181910543814,4.882792537656478,0.38827925376564776,7.611720746234353,8.223441492468705,5.717954776359535,1
16.0,1.0,6.6,0.0,6.1,1.7,27.0,17.0,0.0,10.0,8.0,2.0,0
14.663445785111273,0.3365542148887265,7.025925305755929,2.0,4.70483132233309,2.1673108429777455,33.971012066001464,3.346216859554906,0.673108429777453,8.990337355333821,7.336554214888727,7.6537831404450944,1
18.0,0.0,1.1,2.0,7.2,1.0,66.0,4.0,2.0,2.0,1.0,4.0,0
17.0,0.0,3.6,2.0,6.1,2.8,67.0,4.0,0.0,6.0,8.0,5.0,0
15.582588996851221,0.582588996851221,5.216517799370244,0.582588996851221,4.216517799370244,2.0426343040934127,145.25223300944634,6.82588996851221,1.417411003148779,7.834822006297558,7.0,7.078122977958547,1
19.0,1.0,7.4,0.0,5.0,2.0,170.0,9.0,0.0,1.0,6.0,8.0,0
18.0,1.0,5.5,2.0,5.5,1.8,18.0,2.0,1.0,3.0,4.0,10.0,0
16.0,0.0,7.4,2.0,7.2,1.8,15.0,3.0,2.0,3.0,7.0,3.0,0
17.0,1.0,3.8,0.0,8.4,0.9,77.0,13.0,1.0,1.0,2.0,2.0,0
16.0,1.0,2.8,1.0,7.1,1.4,17.0,14.0,1.0,7.0,9.0,8.0,0
15.869797650105482,0.9565992167018272,6.939060704968356,0.0,5.765279373361461,0.6520809399578074,44.347206266385385,11.479190600421926,1.0434007832981727,9.913198433403654,8.086801566596346,9.69619451691279,1
16.0,0.0,2.0,2.0,7.8,2.8,128.0,4.0,2.0,2.0,6.0,8.0,0
17.0,1.0,2.2,1.0,6.5,3.0,163.0,18.0,2.0,5.0,8.0,4.0,0
15.0,0.0,7.8,2.0,4.2,2.1,37.0,2.0,0.0,10.0,7.0,9.0,1
17.0,1.0,3.0,0.0,6.9,2.3,155.0,4.0,0.0,5.0,2.0,9.0,0
17.0,1.0,6.3,0.0,4.0,1.0,34.0,9.0,1.0,1.0,10.0,9.0,0
14.25368217387314,0.0,5.920949608739548,0.7463178261268613,4.323895347838058,1.2327325651335912,136.55155043422394,9.209496087395474,2.0,9.0,9.238953478380584,3.0,1
13.0,0.0,3.5,2.0,6.8,2.3,139.0,19.0,0.0,7.0,2.0,6.0,0
14.0,1.0,3.7,1.0,5.7,1.7,182.0,18.0,0.0,9.0,10.0,3.0,0
13.0,1.0,1.5,2.0,7.2,2.5,23.0,6.0,2.0,4.0,6.0,2.0,0
19.0,0.0,4.8,1.0,5.0,2.6,112.0,16.0,0.0,4.0,6.0,1.0,0
14.720809236623351,0.8604046183116753,7.35583815267533,0.0,4.141878614506497,2.0860404618311676,186.16242770987006,14.697976908441625,0.13959538168832475,9.720809236623351,9.581213854935026,1.9771676718182736,1
15.0,1.0,5.2,1.0,5.6,1.5,66.0,15.0,0.0,7.0,9.0,4.0,1
14.0,0.0,3.9,0.0,7.7,1.4,184.0,10.0,1.0,3.0,5.0,1.0,0
18.183568126780617,0.8164318732193839,7.163286374643877,1.0,4.908215936609692,1.5652113141025543,40.512205591168296,8.367136253561233,0.18356812678061607,8.183568126780616,8.367136253561233,3.816431873219384,1
17.0,0.0,7.3,0.0,5.8,2.9,165.0,7.0,2.0,6.0,2.0,9.0,0
19.0,1.0,5.4,0.0,7.3,2.0,185.0,7.0,2.0,6.0,6.0,1.0,0
14.0,0.0,1.2,2.0,5.2,2.2,69.0,13.0,2.0,9.0,9.0,4.0,0
17.0,0.0,5.1,1.0,5.1,2.9,87.0,4.0,2.0,4.0,2.0,9.0,0
16.0,1.0,3.5,2.0,4.2,1.5,185.0,14.0,2.0,1.0,7.0,2.0,0
13.0,0.0,6.2,2.0,7.1,2.2,45.0,18.0,2.0,5.0,2.0,2.0,0
17.0,1.0,7.3,2.0,7.8,1.1,50.0,8.0,0.0,3.0,10.0,6.0,0
15.0,1.0,5.8,0.0,7.1,1.1,82.0,0.0,0.0,9.0,6.0,6.0,0
16.0,0.0,6.1,1.0,6.8,0.8,68.0,7.0,0.0,10.0,10.0,4.0,0
16.0,1.0,7.8,1.0,4.7,2.1,142.0,20.0,0.0,8.0,3.0,1.0,0
17.0,0.0,2.9,2.0,6.7,1.5,161.0,1.0,2.0,10.0,6.0,4.0,0
13.0,1.0,5.2,2.0,7.7,2.7,33.0,1.0,1.0,2.0,5.0,5.0,0
18.0,1.0,1.4,1.0,6.1,1.6,55.0,9.0,1.0,2.0,7.0,8.0,0
16.0,1.0,7.6,1.0,4.2,2.8,107.0,5.0,1.0,10.0,2.0,9.0,0
13.0,1.0,6.1,2.0,6.4,2.8,110.0,13.0,0.0,6.0,1.0,9.0,0
13.0,0.7526518982568023,7.348408861045919,1.5053037965136047,4.397878481394558,2.3268563287797615,49.74204430522959,12.042430372108837,0.4946962034863953,9.505303796513605,9.247348101743198,3.0,1
14.0,0.0,4.2,2.0,7.0,1.1,168.0,7.0,1.0,4.0,8.0,1.0,0
14.0,0.0,7.6,0.0,5.8,1.9,159.0,10.0,1.0,10.0,1.0,3.0,0
13.0,0.0,5.9,0.0,8.0,2.8,123.0,16.0,2.0,2.0,8.0,8.0,0
15.0,0.0,6.5,2.0,8.1,2.0,90.0,6.0,1.0,8.0,2.0,2.0,0
13.0,1.0,2.1,0.0,8.2,0.9,142.0,12.0,1.0,2.0,7.0,6.0,0
19.0,0.42899402737501835,7.742603583574989,1.4289940273750183,4.571301791787494,0.8860946246375165,185.57988054750035,5.715976109500073,1.1420119452499633,8.428994027375019,7.571005972624982,5.571005972624982,1
13.0,1.0,3.6,1.0,4.8,2.2,126.0,9.0,2.0,4.0,4.0,7.0,0
17.0,1.0,4.7,0.0,4.7,2.4,75.0,2.0,2.0,10.0,5.0,8.0,0
14.0,0.0,7.0,1.0,6.9,1.0,165.0,8.0,1.0,9.0,3.0,7.0,0
18.0,0.0,3.2,1.0,5.1,1.2,146.0,6.0,0.0,6.0,2.0,8.0,0
18.0,0.0,7.5,0.0,7.4,1.8,73.0,2.0,0.0,9.0,4.0,2.0,0
14.0,0.0,5.3,0.0,6.8,2.9,177.0,1.0,2.0,10.0,1.0,6.0,0
18.0,0.0,4.2,1.0,6.5,1.4,115.0,0.0,0.0,5.0,6.0,4.0,0
17.0,1.0,7.2,1.0,8.2,2.9,20.0,19.0,1.0,6.0,2.0,5.0,0
14.0,1.0,1.7,1.0,6.5,2.7,35.0,15.0,2.0,9.0,5.0,9.0,0
15.303368028368372,0.8988773238772098,5.30112267612279,0.8988773238772098,5.448315985815814,1.6314594789596273,65.79775464775442,14.292141267140469,0.2022453522455805,7.0,8.89887732387721,3.6966319716316294,1
13.0,0.0,2.2,2.0,5.8,2.0,192.0,13.0,0.0,4.0,4.0,10.0,0
15.0,1.0,3.8,0.0,4.4,1.9,7.0,12.0,2.0,4.0,9.0,7.0,0
13.0,0.0,5.2,2.0,6.4,2.5,66.0,11.0,2.0,8.0,6.0,7.0,0
17.0,1.0,5.6,1.0,6.8,2.0,40.0,19.0,2.0,6.0,9.0,8.0,0
17.0,1.0,7.1,0.0,5.6,0.6,39.0,19.0,2.0,1.0,3.0,7.0,0
14.0,1.0,4.8,0.0,6.8,0.8,61.0,7.0,0.0,4.0,3.0,4.0,0
15.923742619767715,1.0,6.907625738023229,0.05083825348819038,5.759329397209448,0.6482963408137808,44.12709563372048,12.10167650697638,0.9745808732559048,10.0,8.025419126744096,9.822066112791333,1
18.87428325725306,0.0,7.6182841172144915,0.0,4.196857081431327,2.6062858371373467,149.9057124429398,16.497133029012254,0.0628583713734685,8.031429185686735,8.93714162862653,3.968570814313266,1
19.0,0.0,7.0,1.0,4.5,2.3,25.0,10.0,1.0,9.0,10.0,3.0,1
18.513130317721984,0.16228989409267203,7.310504254177587,0.16228989409267203,4.2162289894092675,2.421481116498061,149.02626063544398,16.02626063544397,0.16228989409267203,7.837710105907328,8.675420211814656,4.973739364556032,1
17.0,1.0,2.9,2.0,7.5,1.4,37.0,10.0,0.0,5.0,6.0,3.0,0
15.0,0.0,7.7,0.0,8.0,1.3,197.0,8.0,2.0,1.0,6.0,5.0,0
18.0,0.0,1.6,1.0,5.1,2.7,52.0,1.0,1.0,3.0,9.0,7.0,0
17.0,1.0,3.2,0.0,6.2,2.2,21.0,16.0,0.0,8.0,10.0,9.0,0
15.0,0.0,6.5,2.0,6.2,1.2,102.0,2.0,2.0,6.0,5.0,2.0,0
19.0,1.0,3.5,1.0,6.7,2.7,72.0,9.0,0.0,4.0,6.0,7.0,0
14.09987606589839,0.04993803294919508,6.155055770345725,1.0,4.395006196705081,0.739950426359356,133.54931836244114,11.950061967050805,1.950061967050805,8.90012393410161,9.850185901152415,3.349566230644365,1
15.0,0.6335312154171401,6.937240524709706,1.2670624308342802,5.113649944667424,1.8497031768742898,146.36646878458285,9.86943701583996,1.3664687845828598,9.0,7.0,4.26706243083428,1
14.0,0.0,5.0,1.0,5.2,0.5,113.0,14.0,0.0,10.0,6.0,8.0,0
16.0,0.0,2.0,1.0,7.8,0.5,171.0,3.0,1.0,10.0,2.0,4.0,0
17.0,1.0,5.2,2.0,6.0,0.6,39.0,4.0,2.0,6.0,2.0,9.0,0
15.0,1.0,8.0,2.0,5.7,1.3,146.0,15.0,1.0,9.0,7.0,5.0,1
15.0,0.0,6.2,1.0,4.6,1.1,106.0,17.0,1.0,4.0,2.0,3.0,0
14.0,1.0,1.1,2.0,6.1,2.5,56.0,17.0,1.0,4.0,10.0,3.0,0
14.0,1.0,3.1,0.0,6.9,1.9,150.0,9.0,2.0,3.0,4.0,2.0,0
13.0,0.0,1.3,1.0,4.4,0.9,13.0,2.0,1.0,8.0,2.0,5.0,0
18.0,0.0,1.3,0.0,5.8,1.3,124.0,13.0,2.0,9.0,4.0,9.0,0
18.0,1.0,5.8,2.0,5.1,1.2,43.0,14.0,1.0,5.0,9.0,2.0,0
14.0,1.0,4.6,0.0,5.9,1.4,23.0,11.0,1.0,3.0,10.0,2.0,0
18.0,0.0,4.3,1.0,8.4,2.1,101.0,18.0,0.0,1.0,10.0,8.0,0
13.0,0.0,4.3,0.0,4.4,0.7,102.0,11.0,0.0,6.0,2.0,6.0,0
15.0,0.0,7.3,2.0,4.8,2.6,36.0,0.0,0.0,4.0,7.0,4.0,0
18.0,1.0,2.4,2.0,6.7,1.9,22.0,14.0,1.0,8.0,8.0,2.0,0
19.0,1.0,4.1,2.0,6.4,1.4,125.0,16.0,1.0,2.0,3.0,6.0,0
13.0,1.0,3.5,0.0,5.3,2.7,76.0,12.0,0.0,3.0,7.0,2.0,0
17.0,1.0,2.5,0.0,4.4,2.0,11.0,5.0,0.0,4.0,6.0,5.0,0
15.920741072966221,0.0,5.7675372779005105,0.23018526824155527,4.238111160944933,2.2705738830444226,153.90555804724667,1.6905558047246658,2.0,8.769814731758444,7.230185268241556,3.690555804724666,1
15.0,1.0,2.0,0.0,4.7,1.3,113.0,6.0,0.0,2.0,6.0,5.0,0
14.0,0.0,3.6,1.0,4.0,1.4,26.0,12.0,2.0,1.0,5.0,2.0,0
17.0,0.0,6.5,0.0,4.1,2.7,78.0,8.0,2.0,6.0,10.0,10.0,0
13.0,1.0,2.0,0.0,8.7,1.9,139.0,9.0,2.0,7.0,7.0,9.0,0
17.004519029902117,0.9977404850489419,7.501129757475529,1.0,5.39841833953426,2.2959328730880952,188.9728858205873,13.97740485048942,2.0,7.002259514951058,8.997740485048942,6.997740485048942,1
13.0,0.0,1.3,1.0,7.8,2.6,0.0,11.0,0.0,2.0,9.0,10.0,0
17.0,0.0,3.3,1.0,5.7,2.0,65.0,15.0,0.0,6.0,6.0,8.0,0
16.349262400109296,0.44975413336976566,7.530147519978141,1.5502458666302343,4.559803306695812,1.785172106641164,40.14827893358836,4.698524800218594,0.0,9.10049173326047,7.449754133369765,6.751229333151172,1
13.0,0.0,2.1,0.0,4.1,1.6,168.0,17.0,1.0,10.0,9.0,6.0,0
18.0,1.0,5.2,2.0,7.3,1.7,122.0,7.0,0.0,7.0,4.0,9.0,0
14.0,1.0,5.7,0.0,8.9,0.7,96.0,6.0,1.0,10.0,4.0,3.0,0
13.0,0.883494022266259,7.269903586640245,1.766988044532518,4.293204782186993,2.4184458155863813,49.34951793320122,14.135904356260143,0.2330119554674821,9.766988044532518,9.116505977733741,3.0,1
13.0,0.0,4.3,2.0,5.8,0.7,54.0,15.0,2.0,7.0,2.0,1.0,0
15.0,1.0,2.6,2.0,7.9,1.8,84.0,12.0,2.0,4.0,5.0,6.0,0
14.0,0.0,2.5,2.0,5.3,2.4,107.0,6.0,1.0,10.0,9.0,6.0,0
15.0,1.0,5.7,0.0,8.4,1.3,142.0,7.0,1.0,5.0,2.0,4.0,0
15.432412364892894,1.0,7.310810309122322,0.21620618244644674,4.132430927366967,2.0243278361437436,188.08103091223222,13.351381452660661,0.0,9.891896908776777,9.67569072633033,1.4324123648928935,1
13.0,0.0,3.1,1.0,8.2,1.5,58.0,11.0,0.0,5.0,8.0,6.0,0
18.0,0.0,5.0,2.0,5.8,1.3,168.0,15.0,0.0,1.0,9.0,2.0,0
16.0,1.0,3.6,0.0,6.1,2.8,164.0,15.0,1.0,2.0,1.0,7.0,0
16.0,0.0,4.2,2.0,5.7,1.0,74.0,15.0,1.0,10.0,5.0,9.0,0
17.0,0.0,5.7,1.0,8.7,2.0,198.0,10.0,0.0,1.0,9.0,8.0,0
13.0,0.0,4.9,0.0,4.7,2.5,2.0,9.0,0.0,1.0,10.0,8.0,0
15.61366414690997,0.0,6.96362747298881,0.0,4.529540453556205,2.322732829381994,58.272793952583925,4.1818626350559525,2.0,7.477267170618006,8.954534341236013,1.9545343412360119,1
18.0,1.0,1.7,0.0,8.5,1.0,81.0,6.0,2.0,1.0,1.0,7.0,0
14.0,1.0,7.0,0.0,4.5,1.6,59.0,14.0,2.0,8.0,1.0,7.0,0
17.0,0.0,6.4,1.0,8.6,2.3,79.0,6.0,0.0,9.0,10.0,5.0,0
16.0,0.0,5.4,1.0,8.7,1.9,27.0,6.0,0.0,1.0,5.0,7.0,0
16.0,0.0,7.3,1.0,7.0,2.2,166.0,19.0,2.0,3.0,7.0,1.0,0
19.0,0.0,1.5,1.0,5.8,1.1,11.0,10.0,1.0,6.0,4.0,2.0,0
16.0,1.0,4.0,1.0,5.4,2.7,182.0,9.0,2.0,4.0,10.0,1.0,0
14.0,0.0,5.2,0.0,5.5,1.6,16.0,12.0,2.0,3.0,8.0,1.0,0
15.0,1.0,5.7,0.0,7.5,2.4,33.0,6.0,2.0,10.0,10.0,2.0,0
15.0,0.0,3.7,2.0,5.7,1.3,43.0,18.0,0.0,4.0,9.0,10.0,0
15.727867750615365,1.0,6.034757073338515,1.2721322493846352,4.68098514913849,1.4455735501230729,144.54426449876928,12.08852899753854,1.0,7.54426449876927,7.0,8.639338753076824,1
13.0,1.0,5.2,2.0,7.4,2.5,165.0,1.0,0.0,4.0,4.0,8.0,0
13.0,1.0,3.0,2.0,6.0,1.0,5.0,15.0,0.0,5.0,10.0,9.0,0
16.0,0.0,6.5,1.0,7.4,1.9,40.0,8.0,2.0,10.0,10.0,2.0,0
13.0,1.0,2.3,1.0,8.7,1.2,112.0,0.0,1.0,9.0,9.0,1.0,0
18.0,0.0,6.8,0.0,6.5,2.7,47.0,13.0,0.0,4.0,4.0,5.0,0
13.0,0.0,1.4,2.0,8.6,2.4,131.0,5.0,0.0,2.0,6.0,2.0,0
16.0,0.0,6.6,0.0,5.6,0.8,3.0,10.0,2.0,4.0,3.0,4.0,0
14.0,1.0,7.2,2.0,5.0,2.9,191.0,14.0,2.0,7.0,4.0,2.0,0
15.207652506866886,0.441530501373377,7.535081699175974,0.441530501373377,5.0,1.6233877994506491,48.467755989012986,3.532244010987016,1.116938997253246,8.0,9.116938997253246,3.441530501373377,1
14.026511310541622,0.9734886894583782,5.56097601424573,2.0,5.660233034187567,2.2946977378916755,28.238601794874597,5.893954757833512,1.9469773789167564,7.079533931624866,7.973488689458378,5.106045242166488,1
18.0,1.0,2.3,1.0,4.3,0.9,30.0,15.0,1.0,5.0,9.0,10.0,0
15.0,0.0,1.6,0.0,6.9,2.3,9.0,7.0,2.0,3.0,1.0,5.0,0
13.0,1.0,3.0,0.0,7.0,0.9,60.0,10.0,1.0,5.0,6.0,9.0,0
16.0,1.0,6.1,2.0,8.8,1.7,113.0,6.0,2.0,6.0,10.0,9.0,0
13.0,1.0,4.1,0.0,7.5,1.7,95.0,20.0,2.0,1.0,4.0,9.0,0
18.0,0.0,2.9,1.0,7.5,0.9,104.0,20.0,1.0,3.0,1.0,9.0,0
17.0,1.0,1.4,0.0,6.9,2.4,118.0,13.0,2.0,4.0,10.0,8.0,0
14.0,0.0,1.3,0.0,8.5,0.9,65.0,5.0,1.0,3.0,3.0,6.0,0
19.0,1.0,7.1,2.0,6.3,2.2,138.0,1.0,1.0,10.0,4.0,9.0,0
18.0,1.0,6.4,0.0,7.7,0.5,28.0,9.0,0.0,3.0,1.0,2.0,0
14.0,0.0,5.3,2.0,9.0,2.8,98.0,16.0,1.0,10.0,7.0,6.0,0
14.119054028675784,0.2797635071689457,7.644047298566211,0.2797635071689457,4.679763507168946,2.0839290521506837,183.23810805735155,17.601182464155272,1.2797635071689457,7.720236492831054,7.559527014337892,7.720236492831054,1
14.0,1.0,4.4,1.0,5.1,2.8,40.0,12.0,1.0,5.0,4.0,1.0,0
16.0,0.0,6.4,1.0,5.4,1.4,156.0,13.0,2.0,4.0,9.0,5.0,0
13.0,0.0,5.4,0.0,7.8,1.8,176.0,19.0,1.0,4.0,7.0,7.0,0
15.640789506870926,0.6601973767177313,7.567960524656454,0.6601973767177313,5.060197376717731,2.1980592130153194,186.28157901374186,15.699013116411344,1.6601973767177314,7.339802623282269,8.320394753435462,7.339802623282269,1
15.0,1.0,7.9,1.0,4.7,1.5,46.0,2.0,0.0,5.0,8.0,5.0,0
13.0,1.0,1.3,1.0,8.7,0.9,94.0,15.0,0.0,10.0,9.0,9.0,0
16.0,0.0,5.7,2.0,5.8,2.8,96.0,12.0,2.0,3.0,9.0,2.0,0
14.541210508590101,0.7706052542950503,7.39175789828198,0.0,4.1688184237114845,2.077060525429505,185.6236315257703,15.146973728524749,0.22939474570494967,9.541210508590101,9.311815762885152,2.605763219934648,1
14.0,1.0,4.4,2.0,7.3,2.7,46.0,8.0,0.0,2.0,1.0,9.0,0
14.0,1.0,3.5,2.0,5.7,2.4,176.0,7.0,0.0,8.0,4.0,10.0,0
13.0,0.0,5.9,1.0,6.6,2.6,126.0,16.0,2.0,7.0,7.0,10.0,0
13.0,1.0,4.4,0.0,4.3,1.9,80.0,7.0,2.0,8.0,4.0,3.0,0
15.0,0.0,8.0,0.0,4.7,0.6,0.0,17.0,2.0,2.0,9.0,10.0,0
15.0,0.0,5.4,1.0,5.2,0.6,44.0,0.0,0.0,7.0,9.0,10.0,1
13.0,1.0,7.0,0.0,4.9,1.2,117.0,18.0,2.0,2.0,3.0,5.0,0
18.0,0.0,2.8,0.0,6.9,2.3,135.0,15.0,2.0,7.0,1.0,9.0,0
13.0,0.0,7.8,1.0,5.9,1.5,131.0,13.0,1.0,10.0,1.0,10.0,0
16.0,1.0,6.8,1.0,7.1,2.9,25.0,4.0,0.0,6.0,10.0,4.0,0
17.0,1.0,6.2,2.0,5.1,2.0,53.0,10.0,2.0,7.0,3.0,5.0,0
13.0,0.0,5.2,1.0,6.7,2.5,53.0,7.0,2.0,8.0,8.0,6.0,0
15.0,0.0,7.5,2.0,7.0,0.9,3.0,8.0,1.0,2.0,2.0,6.0,0
19.0,0.0,4.4,1.0,4.3,0.8,151.0,19.0,1.0,9.0,9.0,7.0,0
19.0,1.0,1.5,0.0,8.4,3.0,132.0,0.0,1.0,1.0,7.0,6.0,0
19.0,0.0,7.1,1.0,8.4,1.8,148.0,6.0,2.0,1.0,6.0,8.0,0
17.0,1.0,3.9,0.0,8.2,1.3,123.0,17.0,2.0,3.0,7.0,7.0,0
18.0,1.0,5.7,1.0,6.2,0.5,185.0,10.0,2.0,7.0,6.0,3.0,0
19.0,1.0,5.0,0.0,6.3,2.9,7.0,12.0,2.0,5.0,2.0,2.0,0
13.0,0.0,6.4,2.0,4.1,1.3,74.0,6.0,0.0,10.0,6.0,1.0,0
15.0,1.0,7.838854790702408,1.1942739535120421,5.377709581404817,0.6554191628096337,121.82821860536127,3.7198353491685916,0.19427395351204224,8.194273953512042,8.611452092975915,3.3885479070240843,1
19.0,1.0,4.0,1.0,6.5,2.4,129.0,4.0,0.0,4.0,6.0,4.0,0
17.0,1.0,3.1,1.0,4.2,0.8,139.0,16.0,2.0,4.0,9.0,6.0,0
13.0,0.0,5.9,0.0,7.5,1.4,137.0,9.0,0.0,6.0,2.0,8.0,0
17.0,1.0,4.8,0.0,4.4,1.3,10.0,12.0,0.0,5.0,10.0,6.0,0
17.0,1.0,7.6,0.0,7.3,2.9,13.0,9.0,1.0,4.0,8.0,10.0,0
17.0,0.0,7.3,2.0,8.5,1.5,146.0,9.0,0.0,3.0,3.0,7.0,0
13.0,0.0,5.4,0.0,6.5,0.8,158.0,11.0,2.0,10.0,3.0,3.0,0
16.0,0.0,6.6,2.0,8.9,2.0,189.0,10.0,0.0,10.0,9.0,3.0,0
13.0,1.0,2.7,1.0,6.5,1.5,137.0,14.0,1.0,1.0,1.0,6.0,0
15.0,1.0,4.8,1.0,7.3,1.9,140.0,7.0,1.0,2.0,10.0,1.0,0
14.0,0.0,5.5,1.0,7.3,1.4,68.0,9.0,1.0,5.0,7.0,1.0,0
18.0,1.0,2.8,0.0,7.4,1.0,178.0,13.0,0.0,7.0,3.0,6.0,0
15.0,1.0,2.7,2.0,6.5,1.6,111.0,14.0,1.0,6.0,6.0,6.0,0
15.0,0.8571331820780592,7.585686228026372,1.7142663641561184,5.471413091324894,1.514300226882911,146.14286681792194,12.999864549092829,1.1428668179219408,9.0,7.0,4.714266364156119,1
16.0,0.0,2.7,2.0,7.2,0.6,185.0,10.0,0.0,6.0,1.0,5.0,0
19.0,0.0,4.7,2.0,8.7,2.0,200.0,10.0,0.0,4.0,10.0,3.0,0
19.0,0.04530400977204452,7.972817594136774,1.0453040097720445,4.6864087970683865,0.54077360879484,177.9060801954409,4.181216039088178,1.909391980455911,8.045304009772044,7.954695990227956,5.954695990227956,1
14.0,0.0,5.2,2.0,6.7,2.0,3.0,19.0,2.0,2.0,1.0,5.0,0
13.0,1.0,2.9,0.0,5.3,1.0,90.0,10.0,1.0,9.0,2.0,4.0,0
16.0,1.0,6.8,1.0,7.2,2.5,117.0,12.0,2.0,10.0,1.0,9.0,0
19.0,0.0,3.6,0.0,6.5,1.1,44.0,8.0,0.0,5.0,9.0,10.0,0
17.0,1.0,7.3,0.0,6.2,1.0,10.0,18.0,0.0,1.0,6.0,3.0,0
17.42436113869325,0.808120379564417,6.8546166832159505,1.0,5.038375924087116,1.2464963036515335,44.0,6.464963036515336,0.0,7.808120379564417,8.191879620435582,5.151277722613498,1
16.0,1.0,3.6,2.0,4.4,2.4,22.0,5.0,2.0,1.0,7.0,5.0,0
13.0,0.0,6.0,1.0,7.2,1.5,41.0,18.0,0.0,1.0,3.0,4.0,0
17.0,1.0,1.3,0.0,7.6,0.5,2.0,2.0,1.0,2.0,4.0,2.0,0
16.536599607791135,0.6158500980522165,7.568904931363448,0.38414990194778353,4.33048994116867,1.4853601568835464,183.15850098052218,10.158500980522165,0.7682998038955671,9.231700196104432,9.231700196104432,2.9207495097389176,1
13.0,0.0,7.9,1.0,6.0,2.7,154.0,11.0,0.0,9.0,10.0,3.0,0
19.0,0.0,5.7,0.0,4.8,2.2,78.0,7.0,0.0,3.0,7.0,5.0,0
13.0,1.0,4.2,0.0,7.9,2.7,191.0,15.0,2.0,10.0,7.0,2.0,0
16.0,1.0,7.5,2.0,4.0,0.5,82.0,8.0,2.0,4.0,5.0,7.0,0
13.0,0.0,1.8,0.0,4.4,0.6,3.0,10.0,2.0,3.0,1.0,10.0,0
15.0,0.0,3.2,0.0,5.6,0.7,98.0,0.0,1.0,6.0,3.0,1.0,0
15.0,1.0,4.5,0.0,7.7,0.9,68.0,8.0,2.0,9.0,10.0,4.0,0
18.0,0.0,1.0,0.0,7.1,0.8,108.0,13.0,1.0,4.0,2.0,4.0,0
13.0,1.0,6.4,2.0,6.7,0.8,62.0,13.0,1.0,3.0,3.0,10.0,0
14.0,0.0,5.6,0.0,8.8,0.9,99.0,20.0,0.0,8.0,10.0,3.0,0
15.0,1.0,3.9,0.0,6.4,1.7,187.0,17.0,1.0,6.0,6.0,6.0,0
13.0,1.0,7.9,0.0,7.2,1.5,41.0,18.0,2.0,2.0,6.0,8.0,0
15.0,1.0,1.5,0.0,4.7,1.0,53.0,4.0,2.0,6.0,1.0,4.0,0
15.0,0.0,2.3,2.0,5.7,2.8,93.0,13.0,2.0,4.0,1.0,4.0,0
14.0,0.0,3.9,2.0,4.8,0.8,81.0,11.0,1.0,5.0,2.0,5.0,0
15.0,0.0,3.0,0.0,8.6,1.5,30.0,1.0,2.0,10.0,10.0,4.0,0
14.0,1.0,7.7,0.0,6.1,0.8,73.0,0.0,2.0,9.0,10.0,9.0,0
13.0,0.0,7.0,1.0,8.9,0.6,109.0,17.0,2.0,5.0,4.0,1.0,0
15.0,0.0,3.6,0.0,4.8,1.0,65.0,8.0,2.0,5.0,7.0,4.0,0
16.0,0.0,7.4,1.0,7.5,1.7,9.0,17.0,2.0,2.0,3.0,2.0,0
13.0,1.0,6.5,1.0,8.3,0.6,28.0,11.0,1.0,2.0,7.0,8.0,0
13.0,1.0,1.1,0.0,7.0,1.9,94.0,7.0,2.0,2.0,9.0,6.0,0
13.0,1.0,7.7,2.0,7.5,1.4,18.0,15.0,0.0,5.0,3.0,3.0,0
13.0,0.0,4.6,1.0,5.3,2.3,156.0,18.0,0.0,5.0,9.0,5.0,0
13.0,0.0,7.8,0.0,5.0,1.8,52.0,0.0,2.0,8.0,10.0,3.0,1
14.0,0.0,4.3,0.0,8.4,0.9,121.0,16.0,1.0,10.0,10.0,1.0,0
16.0,0.0,1.5,1.0,4.1,1.3,129.0,9.0,1.0,10.0,6.0,6.0,0
15.0,0.0,2.8,1.0,6.1,2.9,88.0,17.0,2.0,6.0,3.0,7.0,0
17.0,0.0,4.9,0.0,8.6,3.0,161.0,9.0,0.0,6.0,6.0,9.0,0
13.0,0.0,7.9,0.0,7.1,0.7,56.0,11.0,2.0,6.0,8.0,8.0,0
16.0,1.0,5.7,2.0,4.2,1.4,55.0,15.0,1.0,4.0,3.0,1.0,0
18.0,0.0,6.1,1.0,5.8,1.8,38.0,18.0,0.0,2.0,5.0,4.0,0
16.0,1.0,5.6,1.0,7.9,2.0,84.0,4.0,2.0,7.0,3.0,10.0,0
17.0,0.0,1.7,2.0,8.6,0.9,41.0,10.0,0.0,9.0,1.0,3.0,0
18.0,1.0,6.2,2.0,6.7,1.4,37.0,7.0,0.0,6.0,8.0,6.0,0
18.0,0.0,2.4,2.0,6.8,1.0,184.0,0.0,1.0,9.0,10.0,8.0,0
15.0,0.0,3.9,2.0,8.5,2.1,102.0,4.0,1.0,7.0,9.0,9.0,0
16.0,1.0,6.1,0.0,8.1,1.4,30.0,16.0,0.0,10.0,1.0,4.0,0
15.872939487348114,0.8729394873481152,6.709409231022173,0.12706051265188478,5.723763692408869,0.6,44.0,10.475273848177382,0.8729394873481152,9.618818462044345,8.127060512651886,10.0,1
19.0,1.0,3.4,1.0,4.3,0.7,96.0,5.0,1.0,3.0,1.0,4.0,0
16.0,0.0,5.0,1.0,4.3,0.7,119.0,9.0,0.0,6.0,2.0,4.0,0
13.152315664429205,0.030463132885841016,7.781722120268495,0.030463132885841016,5.0,1.7878147468456635,51.75629493691327,0.24370506308672812,1.939073734228318,8.0,9.939073734228318,3.030463132885841,1
14.0,1.0,4.6,1.0,7.0,1.6,160.0,7.0,0.0,3.0,2.0,9.0,0
18.0,1.0,5.2,2.0,7.1,1.9,187.0,10.0,2.0,5.0,8.0,6.0,0
15.892558998489978,1.0,6.717350297432962,0.10744100151002223,5.778511799697996,0.69669690135902,46.36370203322049,12.322323004530066,0.8925589984899778,9.677676995469934,8.107441001510022,9.355353990939866,1
17.0,1.0,7.3,0.0,6.7,1.0,64.0,10.0,2.0,6.0,5.0,2.0,0
17.0,1.0,6.4,1.0,4.9,2.1,153.0,19.0,1.0,2.0,2.0,6.0,0
14.0,1.0,3.6,2.0,5.3,0.6,13.0,11.0,1.0,4.0,10.0,2.0,0
15.480370081866354,0.48037008186635466,5.196074016373271,0.48037008186635466,4.196074016373271,2.175518893573739,145.55888975440092,5.803700818663547,1.5196299181336452,8.039259836267291,7.0,6.362590573064482,1
14.0,1.0,5.7,2.0,8.7,0.6,24.0,15.0,0.0,8.0,9.0,4.0,0
13.0,0.0,5.0,1.0,6.9,0.6,99.0,1.0,0.0,9.0,3.0,8.0,0
17.0,0.0,3.9,0.0,7.1,2.4,53.0,1.0,1.0,3.0,6.0,10.0,0
18.0,0.0,4.3,0.0,6.7,2.5,102.0,19.0,1.0,5.0,5.0,5.0,0
14.0,1.0,3.5,2.0,5.3,2.5,89.0,5.0,0.0,1.0,10.0,3.0,0
14.0,0.0,4.4,0.0,8.8,2.3,60.0,11.0,2.0,9.0,2.0,2.0,0
17.0,0.0,7.8,1.0,7.1,0.8,93.0,3.0,2.0,9.0,4.0,2.0,0
18.0,0.0,5.7,1.0,8.0,2.5,72.0,15.0,0.0,5.0,2.0,1.0,0
18.0,1.0,2.5,0.0,6.4,2.4,5.0,5.0,0.0,2.0,2.0,5.0,0
15.0,0.0,7.6,0.0,7.6,2.7,41.0,9.0,2.0,5.0,10.0,3.0,0
15.0,1.0,6.7,2.0,5.0,0.6,83.0,0.0,2.0,7.0,4.0,8.0,0
19.0,1.0,1.3,1.0,6.5,2.1,119.0,8.0,1.0,7.0,1.0,9.0,0
17.907099174560006,1.0,7.186064876184001,0.9535495872800023,5.037160330175998,1.3628396698240017,44.0,8.185801650879991,0.046450412719997725,8.092900825439996,8.0,4.278702476319986,1
18.0,1.0,6.5,2.0,6.7,2.5,88.0,15.0,1.0,9.0,7.0,7.0,0
19.0,1.0,7.5,1.0,8.6,0.9,190.0,16.0,1.0,9.0,8.0,4.0,0
16.0,0.0,4.6,2.0,5.3,1.3,191.0,12.0,2.0,3.0,8.0,8.0,0
17.22586395204725,0.0,7.167759185614175,0.35482720959055014,4.2709654419181105,1.9258283017779547,143.96793743696065,15.225863952047249,0.7096544191811003,8.35482720959055,9.35482720959055,3.64517279040945,1
16.0,1.0,7.4,1.0,4.6,1.0,143.0,8.0,0.0,2.0,4.0,5.0,0
19.0,0.0,7.7,0.0,4.2,2.6,150.0,17.0,0.0,8.0,9.0,4.0,1
18.757440021001855,0.08085332633271525,6.9919146673667285,0.9191466736672848,4.605109324232529,2.162549345234384,26.53621320032159,10.16170665266543,1.0,9.080853326332715,9.83829334733457,3.5659732843290066,1
16.21696897183815,0.6957577570404623,7.908727327112139,1.3915155140809246,5.243636635560693,1.695514915847399,147.21696897183816,15.608484485919075,0.6957577570404623,8.695757757040463,7.6084844859190754,4.695757757040463,1
15.0,0.0,3.5,2.0,8.8,1.8,12.0,1.0,0.0,3.0,6.0,3.0,0
18.0,1.0,7.1,0.0,5.7,0.6,194.0,10.0,2.0,3.0,1.0,6.0,0
14.045227288910539,0.9547727110894619,5.495477271108946,1.954772711089462,5.677386355544731,2.2231136088520853,28.72363662256861,5.728636266536771,1.9095454221789239,7.0,8.045227288910539,5.22613644455269,1
19.0,0.0,3.8,0.0,7.1,2.5,36.0,7.0,0.0,6.0,9.0,4.0,0
15.617538008732836,0.6175380087328373,6.326307013099257,0.38246199126716274,5.570522805239702,0.6,44.0,7.410456104794047,0.6175380087328373,8.852614026198513,8.382461991267164,10.0,1
16.0,0.0,7.2,2.0,5.8,2.9,9.0,9.0,2.0,5.0,8.0,9.0,0
17.0,0.0,8.0,0.0,4.6,2.6,118.0,15.0,1.0,9.0,2.0,6.0,0
16.0,0.0,2.7,0.0,4.2,2.4,28.0,18.0,1.0,1.0,8.0,4.0,0
19.0,0.0,2.4,1.0,9.0,2.4,66.0,12.0,1.0,5.0,3.0,3.0,0
14.0,0.0,1.5,2.0,6.8,0.8,198.0,2.0,2.0,4.0,5.0,8.0,0
13.0,0.0,8.0,2.0,8.9,2.2,53.0,9.0,0.0,8.0,8.0,4.0,0
14.0,1.0,3.5,0.0,4.6,0.7,160.0,19.0,0.0,2.0,7.0,8.0,0
15.0,1.0,5.0,1.0,6.3,1.5,27.0,8.0,1.0,6.0,2.0,5.0,0
17.0,1.0,7.5,2.0,4.7,2.1,63.0,15.0,1.0,3.0,9.0,1.0,0
14.49118592316124,0.0,5.659695484522636,0.50881407683876,4.252644223051628,1.731490438638604,139.87660292425736,6.59695484522636,2.0,9.0,8.526442230516281,3.0,1
18.0,1.0,2.4,0.0,6.3,1.3,28.0,10.0,0.0,2.0,9.0,5.0,0
18.0,0.0,1.2,2.0,4.1,1.1,152.0,16.0,0.0,1.0,3.0,6.0,0
15.0,1.0,3.4,0.0,5.0,1.8,121.0,0.0,2.0,4.0,5.0,1.0,0
18.406948062945933,0.0,7.970347403147297,0.901158010490989,4.6703474031472965,0.6482629842635166,177.39536795803605,5.4826298426351645,1.901158010490989,8.0,7.901158010490989,6.197683979018022,1
19.0,0.0,2.0,1.0,7.1,0.9,25.0,16.0,1.0,7.0,5.0,9.0,0
18.0,1.0,4.2,0.0,5.4,1.1,29.0,11.0,0.0,4.0,9.0,1.0,0
17.0,0.0,1.1,0.0,6.8,2.0,133.0,6.0,2.0,7.0,1.0,2.0,0
14.0,1.0,4.0,1.0,4.1,0.9,13.0,13.0,0.0,2.0,9.0,10.0,0
15.0,0.0,4.0,1.0,4.5,1.9,1.0,18.0,2.0,4.0,5.0,3.0,0
13.0,0.0,1.6,1.0,5.0,2.7,29.0,13.0,0.0,8.0,9.0,5.0,0
15.0,0.0,2.7,0.0,7.2,2.9,30.0,1.0,2.0,5.0,2.0,9.0,0
19.0,0.0,7.716570281035271,0.05523427011757198,4.227617135058786,2.484008032753099,151.49132529317444,16.281954488471563,0.11046854023514396,8.0,8.944765729882429,4.110468540235144,1
13.0,1.0,3.5,1.0,5.2,2.5,79.0,8.0,1.0,1.0,6.0,3.0,0
18.0,1.0,8.0,1.0,4.3,0.8,189.0,1.0,2.0,3.0,4.0,4.0,0
19.0,0.0,6.4,2.0,6.7,2.4,150.0,6.0,0.0,5.0,2.0,2.0,0
18.0,1.0,2.9,0.0,8.4,2.6,79.0,17.0,2.0,4.0,1.0,3.0,0
14.0,1.0,6.4,0.0,6.0,1.1,36.0,7.0,2.0,8.0,2.0,3.0,0
19.0,1.0,4.5,1.0,8.4,2.1,104.0,20.0,0.0,5.0,10.0,5.0,0
18.136811769773328,0.28772941007555797,7.009449415818661,0.28772941007555797,4.228772941007556,2.283497648916886,148.27362353954666,15.273623539546652,0.28772941007555797,7.712270589924442,8.424541179848884,5.726376460453348,1
18.0,0.0,5.3,2.0,8.2,1.9,107.0,13.0,0.0,2.0,9.0,8.0,0
17.0,1.0,5.3,0.0,7.4,1.2,64.0,8.0,1.0,6.0,3.0,7.0,0
13.0,0.0,3.4,1.0,4.4,0.6,64.0,18.0,0.0,8.0,6.0,3.0,0
18.877912045299325,0.0,5.322087954700674,0.0,4.275582409059865,1.4831319320510101,85.94780113248316,6.2441759094013465,2.0,9.63373613589798,8.0,8.90120840769394,1
14.705551107930415,0.0,5.423893781276544,0.2944488920695857,4.188334667620875,2.18165732665387,142.8777155110258,4.2389378127654425,2.0,9.0,7.883346676208757,3.0,1
15.244361979390563,0.6259396701015728,6.451879340203146,1.2518793402031456,4.237406032989843,2.0511276041218873,63.96241319593709,12.259396701015728,0.7481206597968544,10.0,8.625939670101573,5.618422309288991,1
13.0,0.0,3.4,1.0,4.5,0.5,65.0,19.0,2.0,1.0,10.0,1.0,0
18.0,0.0,2.5,2.0,5.7,2.1,122.0,4.0,0.0,8.0,4.0,6.0,0
13.0,0.0,5.9,0.0,8.6,1.9,138.0,18.0,2.0,1.0,6.0,9.0,0
17.0,0.0,4.8,1.0,6.0,2.1,67.0,17.0,1.0,5.0,8.0,7.0,0
13.0,0.0,5.1,1.0,5.3,2.6,70.0,9.0,2.0,2.0,6.0,10.0,0
15.0,1.0,2.7,2.0,7.8,1.8,62.0,3.0,0.0,5.0,8.0,9.0,0
13.0,1.0,3.6,1.0,8.6,2.8,149.0,5.0,1.0,10.0,3.0,5.0,0
17.0,1.0,3.4,2.0,4.7,0.5,115.0,20.0,1.0,2.0,8.0,1.0,0
13.0,1.0,1.6,0.0,8.7,2.5,20.0,14.0,1.0,8.0,2.0,9.0,0
19.0,1.0,7.3,2.0,7.4,1.5,33.0,19.0,2.0,9.0,8.0,5.0,0
16.0,0.0,5.5,0.0,8.3,2.3,73.0,16.0,2.0,4.0,8.0,5.0,0
13.0,1.0,2.2,2.0,7.7,2.1,179.0,10.0,0.0,2.0,8.0,7.0,0
16.0,1.0,5.5,2.0,5.8,2.5,172.0,19.0,0.0,5.0,2.0,8.0,0
16.17257062460953,0.7068573438476171,7.037829094003804,0.7068573438476171,5.006857343847617,0.7345141249219064,108.08514828388566,2.465713280761914,0.5862853123047658,8.586285312304765,8.706857343847616,5.05199859306668,1
18.0,1.0,7.4,0.0,7.5,2.3,67.0,7.0,1.0,4.0,1.0,4.0,0
14.0,0.0,2.1,0.0,8.5,1.1,99.0,16.0,2.0,5.0,6.0,7.0,0
18.0,1.0,6.3,2.0,4.7,2.4,48.0,7.0,2.0,6.0,1.0,6.0,0
19.0,1.0,3.9,1.0,7.4,2.5,196.0,11.0,2.0,5.0,8.0,3.0,0
18.0,0.0,1.7,2.0,5.6,1.4,154.0,19.0,1.0,3.0,3.0,7.0,0
15.0,0.0,6.9,1.0,5.6,1.4,141.0,5.0,0.0,9.0,5.0,9.0,0
13.0,1.0,2.9,2.0,8.2,2.3,142.0,7.0,0.0,5.0,8.0,9.0,0
19.0,1.0,7.5,1.0,4.5,2.7,103.0,19.0,1.0,3.0,2.0,6.0,0
17.0,0.0,4.7,1.0,7.2,2.7,35.0,3.0,0.0,3.0,1.0,4.0,0
18.0,0.0,2.6,1.0,7.9,2.3,34.0,15.0,1.0,5.0,1.0,6.0,0
15.0,1.0,7.4,1.0,8.9,2.9,173.0,8.0,1.0,4.0,9.0,1.0,0
13.0,0.0,4.0,2.0,8.3,0.6,65.0,15.0,0.0,2.0,6.0,1.0,0
19.0,0.0,1.6,0.0,8.6,2.4,36.0,14.0,0.0,10.0,4.0,1.0,0
14.106756065935885,0.8932439340641156,5.489324393406411,1.8932439340641156,5.646621967032058,2.118514687908996,29.70809705497415,5.359463604384693,1.7864878681282312,7.0,8.106756065935885,5.533780329679422,1
15.0,0.0,2.2,0.0,5.2,1.4,104.0,0.0,2.0,10.0,7.0,5.0,0
14.77906086188679,0.0,7.7,0.0,4.3406979712704405,2.177906086188679,171.80818554691825,18.406979712704402,0.7034898563522015,8.0,7.593020287295597,6.813959425408806,1
13.0,1.0,1.4,2.0,7.8,0.6,37.0,16.0,2.0,10.0,4.0,6.0,0
14.0,1.0,1.3,1.0,7.7,1.9,42.0,0.0,0.0,7.0,2.0,2.0,0
17.0,0.0,4.0,2.0,4.3,1.8,96.0,7.0,1.0,8.0,8.0,3.0,0
15.0,1.0,3.1,2.0,4.2,2.1,123.0,8.0,2.0,8.0,2.0,10.0,0
15.0,0.0,6.852740479657267,1.6053085331905277,4.594691466809472,1.5079627997857918,39.762840267666306,1.2106170663810556,0.0,8.815925599571584,7.789382933618945,9.394691466809473,1
14.0,1.0,1.2,1.0,8.5,2.3,84.0,17.0,1.0,1.0,8.0,1.0,0
18.0,0.0,2.7,0.0,7.9,1.2,83.0,13.0,2.0,5.0,8.0,3.0,0
14.7627509125032,0.0,5.3609739962464795,0.23724908749680007,4.17117472624904,2.3017769162567197,143.6785127750448,3.6097399624648006,2.0,9.0,7.7117472624904,3.0,1
14.0,1.0,5.0,1.0,4.9,2.6,53.0,13.0,2.0,3.0,10.0,10.0,0
13.0,1.0,1.3,0.0,8.9,2.6,146.0,9.0,1.0,8.0,5.0,2.0,0
15.0,0.8267981300899848,7.497714577260956,1.6535962601799696,5.422877008143976,1.5598028048650228,146.17320186991,12.575173821259789,1.1732018699100153,9.0,7.0,4.653596260179969,1
19.0,0.0,5.4,0.0,4.9,0.6,158.0,2.0,0.0,5.0,6.0,10.0,0
13.0,0.0,2.2,1.0,5.4,1.2,179.0,1.0,2.0,10.0,3.0,4.0,0
15.57147302520501,0.5714730252050106,7.285674277315491,0.8570539495899787,5.114356840328017,1.2427904621924841,41.000311176435076,7.714730252050106,0.5714730252050106,10.0,7.571473025205011,9.57147302520501,1
16.0,1.0,7.3,2.0,7.2,0.5,153.0,13.0,0.0,7.0,3.0,9.0,0
17.0,0.0,4.4,2.0,8.2,2.7,66.0,11.0,2.0,3.0,1.0,2.0,0
18.0,0.0,2.6,2.0,7.8,1.9,54.0,14.0,2.0,8.0,3.0,2.0,0
17.0,1.0,7.8,1.0,5.7,1.2,82.0,9.0,1.0,10.0,2.0,6.0,0
15.685644018923673,1.0,6.148761148906082,1.3143559810763268,4.740098373506857,1.4371288037847347,144.62871196215266,12.257423924305307,1.0,7.628711962152654,7.0,8.428220094618366,1
16.0,0.0,4.9,0.0,6.8,1.0,100.0,13.0,1.0,7.0,4.0,8.0,0
17.0,1.0,6.7,0.0,4.3,0.6,191.0,2.0,0.0,2.0,1.0,7.0,0
18.0,0.0,5.7,2.0,8.4,2.4,33.0,5.0,0.0,5.0,4.0,9.0,0
16.0,1.0,5.2,1.0,8.1,2.1,27.0,10.0,2.0,9.0,10.0,10.0,0
16.0,1.0,7.9,0.0,6.3,2.7,182.0,18.0,1.0,2.0,7.0,5.0,0
13.0,0.0,7.9,0.0,8.8,2.3,173.0,12.0,0.0,1.0,9.0,3.0,0
14.2663702504475,1.0,5.686459175313249,1.7336297495525006,5.713318512522375,2.0735852871196254,30.130962003579995,6.799110751342498,1.8668148747762503,7.399555375671249,8.0,5.6659256261187485,1
17.630451569201373,1.0,7.365761289230035,1.3152257846006867,4.297283867690103,1.6396709753897596,193.57612892300344,10.054322646197939,0.0,9.342387107699656,8.02716132309897,3.6304515692013735,1
18.0,0.0,4.6,2.0,4.3,2.9,70.0,4.0,2.0,7.0,9.0,8.0,0
13.0,1.0,1.9,1.0,8.5,0.8,122.0,6.0,2.0,5.0,1.0,3.0,0
16.0,0.0,3.6,2.0,8.9,1.9,15.0,10.0,0.0,9.0,5.0,2.0,0
18.0,0.0,5.8,1.0,7.5,2.2,44.0,3.0,2.0,4.0,4.0,8.0,0
19.0,0.0,5.2,0.0,4.3,1.3,89.0,6.0,2.0,10.0,8.0,10.0,1
13.0,1.0,3.9,0.0,5.0,0.7,88.0,11.0,2.0,10.0,8.0,3.0,0
19.0,0.0,5.0,2.0,9.0,2.4,22.0,14.0,2.0,7.0,2.0,10.0,0
18.0,0.0,1.8,1.0,5.2,1.4,170.0,15.0,1.0,6.0,2.0,10.0,0
16.0,0.0,7.2,2.0,7.7,2.5,55.0,10.0,1.0,8.0,7.0,6.0,0
13.0,1.0,3.5,0.0,6.8,1.5,188.0,17.0,2.0,7.0,3.0,2.0,0
16.737577462041713,1.0,7.3434394365510425,0.8687887310208573,4.2303183096531285,1.7959239441427,191.34394365510428,11.393633806937428,0.0,9.565605634489572,8.696816903468715,2.7375774620417146,1
14.56732301008724,0.886535397982552,5.670196903026172,1.886535397982552,5.563842477579063,2.3,27.659606193947656,6.453858408069792,1.886535397982552,7.226929204034896,8.226929204034896,4.773070795965104,1
13.0,1.0,5.8,0.0,4.4,1.8,164.0,19.0,1.0,2.0,2.0,1.0,0
16.0,0.0,7.9,2.0,5.5,0.6,44.0,3.0,0.0,1.0,4.0,1.0,0
15.793588108794761,0.0,7.839679405439738,0.46559801813246016,4.539679405439738,1.3016029728013097,179.13760792747016,12.016029728013098,1.4655980181324602,8.0,7.46559801813246,7.06880396373508,1
14.0,0.0,5.2,2.0,4.1,2.1,39.0,18.0,2.0,9.0,3.0,8.0,0
14.0,0.0,7.0,2.0,6.7,1.9,142.0,6.0,0.0,7.0,1.0,5.0,0
19.0,0.0,2.4,2.0,7.5,1.8,188.0,3.0,0.0,3.0,8.0,6.0,0
14.636350065585798,1.0,5.563649934414201,1.1818249672071006,5.345445045910059,1.6818249672071006,62.90897555747929,15.1818249672071,0.0,7.545474901621302,9.0,3.818175032792899,1
13.0,1.0,5.2,1.0,8.2,2.8,168.0,3.0,2.0,1.0,8.0,1.0,0
19.0,0.0,4.4,2.0,6.4,0.9,157.0,18.0,2.0,6.0,9.0,8.0,0
13.138007926065258,0.04600264202175275,7.758597622180423,0.0,5.036802113617402,1.7447968295738967,51.63197886382598,0.552031704261033,1.9539973579782473,8.092005284043505,9.907994715956495,3.3220184941522692,1
13.0,1.0,4.4,1.0,8.8,1.3,101.0,14.0,0.0,3.0,1.0,7.0,0
19.0,0.0,1.4,2.0,4.5,2.3,62.0,2.0,2.0,2.0,8.0,10.0,0
16.0,0.0,1.7,2.0,4.3,1.4,30.0,9.0,2.0,10.0,4.0,10.0,0
14.0,1.0,1.7,2.0,8.7,0.7,185.0,1.0,1.0,1.0,1.0,1.0,0
13.0,0.0,5.0,2.0,8.6,0.7,13.0,0.0,0.0,3.0,8.0,3.0,0
17.0,0.0,6.8,0.0,4.7,0.6,72.0,7.0,0.0,3.0,9.0,7.0,0
16.0,0.0,2.0,1.0,4.4,0.7,170.0,1.0,2.0,1.0,4.0,10.0,0
19.0,1.0,4.3,0.0,5.9,2.1,154.0,10.0,1.0,9.0,9.0,8.0,0
16.0,1.0,2.5,0.0,5.4,2.3,45.0,12.0,1.0,9.0,1.0,2.0,0
19.0,0.0,4.9,1.0,4.5,2.9,138.0,1.0,0.0,5.0,5.0,6.0,0
16.0,1.0,6.9,0.0,5.8,0.6,44.0,12.0,1.0,10.0,8.0,10.0,1
15.811204176736004,0.811204176736003,5.2622408353472006,0.811204176736003,4.2622408353472006,1.7454345702431961,144.566387469792,9.11204176736003,1.188795823263997,7.3775916465279945,7.0,8.67842923715202,1
13.0,0.0,7.8,1.0,7.2,1.3,131.0,1.0,1.0,9.0,2.0,4.0,0
14.35359413595849,0.6767970679792448,6.0403276232539636,0.6767970679792448,5.406078240787546,1.5969608796062267,61.475158951709425,10.151956019688672,0.6464058640415105,7.323202932020755,9.323202932020756,3.676797067979245,1
14.0,0.0,7.9,0.0,7.4,2.9,0.0,0.0,0.0,2.0,2.0,1.0,0
19.0,0.0,8.0,1.0,4.7,0.5,177.0,4.0,2.0,8.0,8.0,6.0,1
15.0,0.0,2.3,2.0,7.8,3.0,48.0,3.0,2.0,4.0,9.0,10.0,0
17.0,0.0,2.7,0.0,8.0,2.6,57.0,13.0,1.0,1.0,8.0,7.0,0
18.88106365427077,0.059468172864616586,7.6881063654270765,0.059468172864616586,4.27136180743754,2.582159548140615,152.31925874172003,16.82159548140615,0.11893634572923317,7.940531827135383,9.0,4.178404518593849,1
13.0,0.0,3.2,1.0,5.1,1.6,187.0,17.0,2.0,4.0,9.0,8.0,0
15.0,1.0,4.5,2.0,5.4,1.2,191.0,10.0,1.0,1.0,8.0,7.0,0
13.508327298139477,0.25416364906973876,7.598334540372105,0.0,4.323750905279079,2.025416364906974,182.52498189441843,17.729181754651307,0.7458363509302612,8.508327298139477,7.7624909472092165,6.2208544565118284,1
16.0,0.0,2.3,2.0,4.1,0.8,100.0,10.0,2.0,5.0,3.0,8.0,0
17.356233236073198,0.0,5.912298931034948,0.0,4.491772789124793,1.4369805636605668,78.86343828911805,4.356233236073198,2.0,9.452077745357732,8.547922254642268,8.082272108752063,1
14.196519069615151,0.19651906961515142,6.5144305113842425,1.0,4.576867162653636,0.6606961860769697,129.65917581654242,9.838290234233334,1.6069618607696972,8.803480930384849,9.803480930384849,3.0,1
19.0,1.0,5.1,2.0,6.3,2.3,63.0,20.0,2.0,6.0,9.0,7.0,0
19.0,1.0,7.6,2.0,5.4,1.9,55.0,3.0,0.0,2.0,7.0,9.0,0
14.459248891965867,0.0,5.694826218837546,0.5407511080341328,4.26222533241024,1.6644226731283207,139.42948448752213,6.948262188375462,2.0,9.0,8.622253324102399,3.0,1
15.490111945891789,0.0,5.418572764829662,0.0,4.112252798647295,2.7754944027054105,147.36758395941885,2.9604477835671528,1.754944027054106,8.877472013527052,7.245055972945894,3.122527986472947,1
16.0,0.0,6.2,2.0,7.2,2.6,10.0,10.0,2.0,5.0,7.0,6.0,0
13.0,0.0,7.7,0.0,4.4,2.0,181.0,19.0,1.0,8.0,7.0,8.0,1
16.0,0.0,4.8,2.0,7.1,0.6,86.0,5.0,1.0,7.0,6.0,9.0,0
16.0,1.0,4.2,1.0,6.3,1.2,82.0,13.0,0.0,5.0,3.0,7.0,0
16.224333783536146,0.5918887388212843,5.608111261178716,0.5918887388212843,4.987833108231926,2.03054463953233,65.18377747764256,12.14322117174899,0.8162225223574313,7.0,8.591888738821284,2.7756662164638533,1
15.0,1.0,2.8,0.0,7.7,1.0,178.0,12.0,2.0,6.0,10.0,1.0,0
18.0,0.0,5.5,2.0,5.2,1.4,43.0,7.0,2.0,10.0,5.0,7.0,0
16.0,1.0,5.2,2.0,4.0,2.4,188.0,16.0,0.0,10.0,5.0,2.0,0
18.0,0.0,4.6,0.0,4.1,1.4,139.0,14.0,2.0,4.0,10.0,10.0,0
14.0,0.0,6.4,0.0,5.6,0.8,94.0,13.0,2.0,5.0,1.0,3.0,0
15.0,1.0,6.7,0.0,7.0,2.2,68.0,5.0,1.0,2.0,7.0,8.0,0
16.0,0.0,6.4,1.0,5.3,2.4,50.0,10.0,2.0,7.0,5.0,10.0,0
18.0,0.0,5.9,0.0,4.4,2.7,141.0,17.0,1.0,1.0,6.0,6.0,0
17.0,1.0,1.3,0.0,5.1,2.2,189.0,4.0,1.0,7.0,8.0,6.0,0
17.0,1.0,3.3,0.0,8.6,1.1,104.0,14.0,0.0,4.0,7.0,9.0,0
13.0,0.0,5.8,1.0,8.3,2.8,5.0,4.0,1.0,5.0,3.0,7.0,0
18.0,1.0,3.2,0.0,6.8,2.3,9.0,17.0,0.0,4.0,8.0,5.0,0
19.0,1.0,4.4,2.0,5.0,2.8,101.0,14.0,1.0,3.0,8.0,8.0,0
18.0,0.0,3.1,0.0,5.7,2.9,98.0,4.0,2.0,9.0,4.0,2.0,0
18.0,0.0,2.0,0.0,8.9,0.8,21.0,12.0,2.0,6.0,2.0,2.0,0
15.556540957670254,1.0,7.355654095767025,0.2782704788351268,4.461751622485664,2.1556540957670256,187.55654095767025,14.0,0.5565409576702536,9.16518856349462,9.721729521164873,2.669622873010761,1
15.695411123106648,1.0,6.061472192233381,1.0,4.604588876893352,1.1954111231066475,135.47151144698614,7.954111231066475,0.6954111231066475,7.3045888768933525,7.609177753786705,7.867877861746533,1
14.0,1.0,4.3,2.0,7.8,0.5,2.0,5.0,1.0,3.0,4.0,8.0,0
15.188121159723762,1.0,7.492072868745844,1.8118788402762387,5.436630376386734,1.3376242319447522,145.62375768055247,14.247515361104956,1.0,8.623757680552478,7.0,5.940605798618806,1
13.0,0.0,3.9,2.0,5.8,0.7,74.0,6.0,2.0,10.0,3.0,1.0,0
15.0,0.0,4.5,1.0,6.2,2.8,160.0,15.0,1.0,2.0,3.0,5.0,0
17.0,1.0,1.1,1.0,4.6,2.5,165.0,11.0,1.0,10.0,6.0,2.0,0
18.0,1.0,2.9,2.0,4.6,2.3,99.0,11.0,0.0,6.0,1.0,9.0,0
17.0,0.0,5.1,2.0,5.0,2.2,126.0,9.0,1.0,6.0,3.0,9.0,0
13.0,1.0,4.3,1.0,4.4,0.9,188.0,0.0,1.0,3.0,1.0,7.0,0
13.0,0.0,3.6,0.0,8.6,0.7,156.0,18.0,2.0,2.0,6.0,8.0,0
18.0,0.0,7.9,1.0,7.5,2.0,74.0,7.0,0.0,10.0,4.0,4.0,0
18.0,1.0,4.4,2.0,5.1,1.4,179.0,4.0,0.0,2.0,7.0,4.0,0
17.217512475508773,0.739170825169591,7.356497504898245,1.260829174830409,4.791336660135673,1.5825804223812863,42.17419577618713,6.435024951017546,0.0,8.521658349660818,7.739170825169591,5.304145874152045,1
18.0,0.0,4.0,2.0,8.0,2.0,152.0,3.0,1.0,3.0,1.0,8.0,0
19.0,0.0,4.6,2.0,8.9,1.9,114.0,14.0,2.0,8.0,1.0,3.0,0
14.0,1.0,4.5,1.0,4.8,0.9,40.0,1.0,0.0,1.0,4.0,10.0,0
16.835490221380436,0.6118300737934781,7.4329019557239135,1.388169926206522,4.6894640590347825,1.6717189483445654,41.28281051655435,5.670980442760868,0.0,8.776339852413043,7.611830073793478,5.940849631032609,1
17.0,1.0,1.1,1.0,6.8,0.6,139.0,16.0,2.0,9.0,3.0,7.0,0
15.0,1.0,5.4,1.0,7.0,1.8,144.0,15.0,0.0,1.0,4.0,4.0,0
16.0,0.0,4.1,2.0,5.5,1.9,49.0,0.0,0.0,5.0,7.0,9.0,0
15.56812658461715,0.6420316461542878,7.5715936707691425,0.6420316461542878,5.042031646154288,2.192609493846286,186.1362531692343,15.78984176922856,1.6420316461542876,7.357968353845712,8.284063292308575,7.357968353845712,1
19.0,1.0,4.2,0.0,7.1,2.5,84.0,0.0,1.0,6.0,8.0,9.0,0
18.0,1.0,4.5,0.0,7.0,2.7,183.0,17.0,1.0,1.0,1.0,2.0,0
17.244973703390805,1.0,7.356124342584771,1.1224868516954023,4.26837302775431,1.7071296019066091,192.612434258477,10.632539444913792,0.0,9.438756574152299,8.316269722456896,3.2449737033908046,1
14.0,0.0,3.1,1.0,8.8,1.5,84.0,4.0,2.0,4.0,9.0,6.0,0
18.0,0.0,1.3,0.0,4.5,2.3,139.0,19.0,0.0,2.0,7.0,8.0,0
19.0,1.0,6.0,1.0,6.0,0.7,11.0,3.0,0.0,4.0,5.0,1.0,0
18.0,1.0,2.8,1.0,7.0,2.9,84.0,8.0,2.0,9.0,9.0,1.0,0
16.0,0.0,1.8,1.0,7.4,2.3,191.0,1.0,0.0,9.0,5.0,8.0,0
14.922073735379533,1.0,5.277926264620468,1.0389631323102337,5.545451614765673,1.5389631323102337,65.33762675072603,15.038963132310233,0.0,7.116889396930701,9.0,3.9610368676897663,1
18.0,1.0,3.2,2.0,7.8,0.7,176.0,6.0,0.0,5.0,10.0,6.0,0
17.0,1.0,7.5,1.0,6.7,1.1,8.0,4.0,1.0,3.0,8.0,6.0,0
16.0,0.0,3.4,2.0,8.9,2.6,144.0,17.0,1.0,6.0,2.0,5.0,0
19.0,1.0,6.0,2.0,6.3,2.8,185.0,20.0,2.0,2.0,6.0,2.0,0
15.0,0.0,1.0,1.0,8.5,2.0,8.0,13.0,1.0,4.0,1.0,7.0,0
19.0,0.0,6.8,1.0,8.4,2.0,134.0,0.0,0.0,7.0,2.0,2.0,0
18.0,1.0,1.1,2.0,8.0,2.7,7.0,15.0,0.0,7.0,10.0,2.0,0
15.0,1.0,5.7,0.0,7.2,2.4,177.0,16.0,2.0,5.0,1.0,7.0,0
14.0,1.0,1.8,0.0,7.6,1.2,33.0,8.0,1.0,10.0,1.0,3.0,0
16.0,0.0,3.8,0.0,6.8,2.4,98.0,16.0,0.0,6.0,10.0,4.0,0
17.0,1.0,3.3,1.0,8.4,2.1,72.0,18.0,1.0,1.0,3.0,10.0,0
18.0,0.0,4.5,0.0,8.1,1.6,82.0,9.0,0.0,1.0,2.0,1.0,0
19.0,0.0,3.3,1.0,8.5,1.2,11.0,12.0,2.0,6.0,2.0,9.0,0
17.0,1.0,2.7,0.0,5.4,2.6,166.0,2.0,2.0,6.0,5.0,6.0,0
16.0,0.0,5.3,1.0,5.3,2.4,0.0,16.0,2.0,2.0,9.0,1.0,0
18.04705539038408,0.23823615240397944,7.771470845721194,0.4764723048079589,4.557354228605969,2.2902930018748267,149.0470553903841,16.52352769519204,0.23823615240397944,8.23823615240398,8.52352769519204,4.23823615240398,1
14.0,1.0,6.2,1.0,5.1,1.5,17.0,18.0,1.0,3.0,4.0,10.0,0
18.0,0.0,7.5,1.0,7.6,1.8,102.0,10.0,1.0,2.0,6.0,6.0,0
13.187763525289444,0.0,7.739915671907378,0.0,4.9662025654479,1.8375527050578888,52.45063246069466,0.30042164046311015,2.0,7.962447294942111,9.924894589884222,2.9248945898842225,1
14.940735526388103,0.6118528947223795,6.81185289472238,1.223705789444759,4.161185289472238,2.616444131583286,54.82220657916431,12.894823157779037,0.7762942105552411,8.835558684167138,8.611852894722379,2.223705789444759,1
14.0,0.0,3.8,0.0,5.3,1.0,139.0,9.0,0.0,9.0,3.0,1.0,0
17.0,0.0,6.6,1.0,8.2,0.7,182.0,1.0,0.0,1.0,7.0,7.0,0
13.0,1.0,7.6,0.0,7.9,3.0,144.0,9.0,1.0,8.0,8.0,1.0,0
17.0,1.0,5.0,2.0,9.0,2.5,72.0,7.0,1.0,8.0,10.0,5.0,0
16.0,1.0,2.4,2.0,6.2,1.6,19.0,2.0,2.0,8.0,4.0,10.0,0
18.0,1.0,6.8,0.0,6.6,2.0,140.0,19.0,0.0,3.0,4.0,4.0,0
13.0,0.0,2.2,1.0,5.3,1.4,97.0,2.0,0.0,1.0,10.0,7.0,0
13.0,0.0,5.6,2.0,4.4,2.9,102.0,7.0,2.0,6.0,3.0,4.0,0
18.187755101060922,0.0,7.172040815689599,0.0,4.179693877526523,2.640612244946954,149.3908163257957,13.75102040424369,0.4061224494695388,8.20306122473477,8.593877550530461,3.7969387752652306,1
15.0,1.0,3.1,1.0,4.2,2.4,64.0,18.0,0.0,3.0,7.0,5.0,0
18.531731934289578,0.11706701642760586,5.5043742427117754,0.11706701642760586,4.417067016427605,1.2063463868579154,92.16080944354536,5.414664917861971,1.7658659671447883,9.765865967144789,8.117067016427606,9.180530885006759,1
18.0,0.0,2.5,0.0,4.2,1.4,62.0,5.0,1.0,5.0,2.0,3.0,0
14.0,0.0,3.8,2.0,7.5,0.5,177.0,19.0,2.0,5.0,2.0,2.0,0
16.0,1.0,6.5,1.0,4.6,1.8,150.0,9.0,0.0,7.0,4.0,4.0,0
19.0,0.0,1.2,1.0,5.0,1.5,141.0,4.0,2.0,5.0,2.0,1.0,0
13.0,1.0,7.2,2.0,6.7,0.9,41.0,4.0,0.0,8.0,8.0,1.0,0
18.0,1.0,3.0,2.0,4.6,2.0,18.0,0.0,2.0,10.0,2.0,5.0,0
17.0,1.0,1.8,1.0,5.9,1.9,183.0,4.0,0.0,8.0,8.0,5.0,0
16.0,0.0,1.8,0.0,4.9,2.3,27.0,3.0,2.0,3.0,8.0,6.0,0
17.0,1.0,2.6,1.0,4.8,0.7,120.0,17.0,2.0,9.0,6.0,6.0,0
13.0,1.0,3.1,0.0,6.4,1.6,20.0,7.0,2.0,1.0,2.0,1.0,0
14.0,0.0,7.4,0.0,8.9,2.4,89.0,8.0,0.0,10.0,4.0,8.0,0
14.0,0.0,5.4,0.0,5.6,1.8,0.0,7.0,0.0,10.0,6.0,8.0,0
15.0,1.0,3.9,2.0,8.7,1.1,169.0,11.0,1.0,5.0,10.0,6.0,0
17.0,1.0,6.2,2.0,6.1,2.4,28.0,17.0,1.0,3.0,6.0,8.0,0
15.0,0.0,1.9,1.0,5.8,2.3,108.0,11.0,1.0,10.0,9.0,4.0,0
13.0,1.0,2.6,1.0,6.1,1.4,15.0,14.0,1.0,7.0,5.0,10.0,0
19.0,0.0,2.1,1.0,6.8,2.2,179.0,19.0,2.0,7.0,6.0,7.0,0
17.0,1.0,2.3,0.0,4.9,1.7,166.0,11.0,2.0,3.0,7.0,7.0,0
13.0,0.0,1.3,0.0,5.7,1.1,196.0,6.0,0.0,9.0,5.0,10.0,0
15.0,0.0,7.4,2.0,5.9,2.6,183.0,13.0,2.0,7.0,3.0,8.0,0
17.0,0.0,5.4,2.0,4.9,1.5,72.0,2.0,2.0,2.0,2.0,1.0,0
15.0,0.0,4.7,0.0,8.2,2.3,124.0,4.0,0.0,6.0,2.0,5.0,0
16.0,0.0,7.2,2.0,6.9,2.1,116.0,8.0,0.0,3.0,4.0,10.0,0
15.1494063412883,0.9626484146779251,7.326146109725452,0.03735158532207494,4.1224109511932445,2.0402374634846803,186.62648414677926,13.626484146779251,0.07470317064414989,9.925296829355851,9.925296829355851,1.1867579266103743,1
15.0,1.0,7.8,1.0,5.3,0.5,116.0,1.0,0.0,8.0,9.0,3.0,1
14.0,1.0,6.5,2.0,7.8,1.5,25.0,1.0,2.0,9.0,2.0,3.0,0
16.0,0.0,3.5,2.0,4.4,1.5,109.0,1.0,1.0,2.0,10.0,8.0,0
18.0,1.0,7.2,1.0,5.0,1.4,44.0,8.0,0.0,8.0,8.0,4.0,1
18.0,0.0388347344294232,6.238834734429424,0.0388347344294232,4.1349512609864805,2.7456313717988072,63.223305311411536,8.0,1.9223305311411536,7.0388347344294235,8.0,1.1165042032882697,1
17.0,1.0,2.9,1.0,4.5,0.9,65.0,15.0,0.0,1.0,6.0,4.0,0
17.0,0.0,4.9,0.0,6.4,2.5,24.0,13.0,2.0,6.0,2.0,10.0,0
14.0,0.0,5.6,2.0,4.5,1.4,151.0,9.0,0.0,5.0,10.0,9.0,0
19.0,0.0,6.3,1.0,5.7,1.4,50.0,8.0,0.0,4.0,6.0,1.0,0
14.0,1.0,7.3,1.0,8.8,2.5,168.0,12.0,1.0,10.0,10.0,1.0,0
16.0,0.0,7.0,0.0,4.8,1.7,194.0,11.0,0.0,4.0,1.0,8.0,0
14.0,1.0,2.0,0.0,8.8,0.9,117.0,5.0,1.0,10.0,2.0,3.0,0
14.0,0.0,2.8,2.0,6.2,1.2,123.0,19.0,0.0,3.0,10.0,6.0,0
17.0,1.0,4.0,0.0,6.7,0.6,110.0,0.0,1.0,9.0,8.0,5.0,0
14.0,1.0,5.5,2.0,5.7,2.3,28.0,6.0,2.0,7.0,8.0,5.0,1
13.0,1.0,2.5,2.0,7.8,1.4,45.0,7.0,2.0,1.0,4.0,6.0,0
16.0,1.0,7.1,1.0,8.8,1.8,87.0,1.0,0.0,6.0,10.0,8.0,0
18.0,1.0,5.5,2.0,8.2,0.5,54.0,9.0,2.0,8.0,7.0,7.0,0
17.0,0.0,1.5,2.0,8.0,0.5,0.0,14.0,2.0,10.0,2.0,3.0,0
16.0,1.0,2.1,2.0,4.6,2.0,63.0,17.0,1.0,5.0,4.0,4.0,0
15.0,1.0,5.6,2.0,5.9,2.0,47.0,4.0,0.0,9.0,3.0,3.0,0
15.591670111852695,0.0,7.7,0.0,4.313610996271577,2.2591670111852693,167.6097044220944,18.136109962715768,0.5680549813578842,8.0,7.863890037284231,6.272219925431537,1
19.0,0.0,3.5,1.0,5.8,1.8,46.0,7.0,0.0,7.0,6.0,9.0,0
17.347004662655394,0.0,7.330599067468921,1.4132488343361518,4.376025349699154,2.2173502331327697,29.958986012033822,6.694009325310786,0.5867511656638482,9.413248834336152,8.760253496991545,5.479493006016911,1
17.0,1.0,1.7,2.0,6.3,1.5,130.0,17.0,0.0,1.0,4.0,10.0,0
19.0,1.0,7.8,2.0,8.8,2.1,91.0,6.0,1.0,10.0,9.0,6.0,0
15.0,0.0,5.4,1.0,4.2,1.8,23.0,11.0,2.0,1.0,10.0,5.0,0
19.0,1.0,4.1,2.0,7.5,2.7,130.0,16.0,1.0,5.0,10.0,5.0,0
15.0,0.0,4.5,2.0,7.0,1.5,9.0,10.0,2.0,4.0,7.0,10.0,0
15.0,0.0,4.3,0.0,7.5,1.1,35.0,17.0,2.0,5.0,7.0,2.0,0
18.0,0.0,3.2,0.0,6.0,1.5,86.0,0.0,1.0,9.0,7.0,10.0,0
15.0,1.0,2.2,0.0,7.5,1.4,102.0,17.0,0.0,6.0,1.0,7.0,0
16.0,1.0,3.1,1.0,5.0,1.1,60.0,16.0,0.0,2.0,8.0,1.0,0
13.0,0.0,6.0,1.0,4.8,2.6,160.0,16.0,1.0,6.0,10.0,8.0,0
14.0,0.0,3.4,0.0,4.6,2.0,42.0,13.0,1.0,7.0,10.0,6.0,0
19.0,1.0,1.7,2.0,7.0,2.7,166.0,12.0,1.0,6.0,4.0,10.0,0
14.0,1.0,5.7,0.0,6.7,2.6,188.0,17.0,1.0,10.0,10.0,7.0,0
16.0,1.0,2.1,0.0,4.8,1.3,89.0,17.0,1.0,6.0,9.0,2.0,0
17.0,1.0,2.2,2.0,7.5,2.2,70.0,16.0,0.0,9.0,7.0,4.0,0
16.703100983459976,0.5677003278199915,6.421860590075985,1.0,5.086459934436002,1.0541602622559931,44.0,4.541602622559932,0.0,7.567700327819992,8.432299672180008,6.593798033080051,1
14.0,1.0,2.4,1.0,6.3,2.8,103.0,5.0,0.0,9.0,5.0,2.0,0
15.0,1.0,4.7,2.0,4.9,3.0,4.0,3.0,2.0,3.0,5.0,2.0,0
19.0,1.0,4.0,2.0,7.4,2.7,64.0,3.0,2.0,9.0,4.0,7.0,0
19.0,1.0,6.6,2.0,6.8,0.8,24.0,0.0,0.0,5.0,4.0,6.0,0
18.37950124387782,0.15512468903054544,7.637950124387782,0.0,4.184487531096946,2.5224376554847274,155.7396134941302,16.534625932908362,0.0,8.31024937806109,9.155124689030545,3.5346259329083636,1
17.0,0.0,2.4,1.0,6.0,0.7,129.0,0.0,0.0,7.0,9.0,2.0,0
19.0,0.0,2.9,0.0,8.7,0.9,13.0,1.0,2.0,7.0,8.0,2.0,0
16.0,0.0,2.0,0.0,7.9,2.4,171.0,13.0,0.0,10.0,6.0,6.0,0
17.0,0.0,7.2,2.0,6.1,0.8,62.0,18.0,0.0,8.0,3.0,7.0,0
13.0,0.0,2.9,1.0,5.1,2.2,36.0,5.0,0.0,6.0,6.0,10.0,0
16.0,1.0,2.8,1.0,7.4,2.0,72.0,16.0,0.0,4.0,1.0,1.0,0
14.0,0.0,1.5,2.0,4.3,2.1,62.0,0.0,0.0,10.0,2.0,4.0,0
16.0,0.0,4.7,0.0,8.2,2.7,152.0,11.0,1.0,1.0,3.0,4.0,0
15.0,0.0,4.6,1.0,5.2,1.4,88.0,13.0,0.0,1.0,4.0,5.0,0
15.0,0.0,4.0,2.0,8.8,1.3,38.0,13.0,2.0,10.0,6.0,10.0,0
13.0,1.0,3.2,2.0,5.9,0.7,185.0,1.0,0.0,6.0,8.0,1.0,0
14.0,0.0,3.8,0.0,8.9,1.9,74.0,18.0,2.0,6.0,2.0,2.0,0
15.0,0.0,7.279658144192421,1.7831908934135088,4.416809106586491,1.7747863401202633,38.51766374610544,1.5663817868270176,0.0,9.349572680240527,7.433618213172982,9.216809106586492,1
14.753587719827147,0.8492824560345705,5.726076315948144,1.8492824560345706,5.519138947241485,2.3,27.54784736810371,6.602870175861717,1.8492824560345706,7.301435087930859,8.301435087930859,4.698564912069141,1
18.0,1.0,3.7,2.0,7.9,2.7,135.0,11.0,2.0,6.0,6.0,5.0,0
13.0,0.0,7.1,2.0,5.7,2.1,136.0,10.0,0.0,1.0,1.0,3.0,0
18.0,1.0,4.5,2.0,7.9,1.4,19.0,15.0,1.0,7.0,9.0,1.0,0
17.0,1.0,6.6,2.0,8.0,1.9,184.0,14.0,2.0,4.0,8.0,5.0,0
16.0,0.0,6.3,0.0,6.5,1.0,120.0,14.0,0.0,1.0,10.0,6.0,0
16.73538833881284,0.6323058305935795,6.6426140814155055,0.0,5.174919912009085,1.408927172694125,51.35388338812841,10.529223322374317,1.3676941694064206,8.896917491780739,8.0,6.690752475342215,1
16.0,0.0,4.6,0.0,8.2,1.5,145.0,19.0,0.0,3.0,2.0,2.0,0
17.317508845540278,0.3364982308919442,6.495252653662083,1.3364982308919442,4.903797877070333,2.3,26.009494692675833,8.654007076432222,1.3364982308919442,8.327003538216111,9.327003538216111,3.6729964617838884,1
18.760269265332635,0.1198653673336828,7.940067316333159,1.0,4.783905757133578,0.715757661200629,178.4383844080042,5.198653673336828,2.0,7.8801346326663175,8.119865367333682,6.1198653673336825,1
15.0,0.0,4.0,2.0,5.2,1.8,46.0,5.0,2.0,10.0,5.0,1.0,0
16.0,1.0,4.7,1.0,6.5,1.0,115.0,7.0,2.0,5.0,7.0,3.0,0
19.0,0.0,6.0,2.0,5.6,1.1,34.0,10.0,2.0,1.0,3.0,3.0,0
13.0,1.0,6.0,0.0,7.2,0.6,15.0,8.0,0.0,1.0,3.0,6.0,0
18.0,0.0,2.0,1.0,8.4,1.5,59.0,9.0,0.0,9.0,4.0,5.0,0
13.0,0.0,7.0,2.0,5.7,1.6,133.0,9.0,2.0,7.0,1.0,10.0,0
18.0,0.0,3.6,0.0,4.7,2.5,60.0,9.0,2.0,9.0,7.0,6.0,0
15.0,1.0,6.6,2.0,4.9,3.0,13.0,7.0,2.0,4.0,8.0,3.0,0
16.0,1.0,1.4,2.0,5.7,1.8,199.0,3.0,0.0,4.0,8.0,7.0,0
18.943424190778206,0.028287904610896253,7.694342419077821,0.028287904610896253,4.233945485533075,2.591513628616731,151.10322827982495,16.91513628616731,0.056575809221792506,7.971712095389104,9.0,4.084863713832689,1
13.0,0.0,4.6,1.0,7.3,1.6,115.0,14.0,0.0,10.0,5.0,7.0,0
17.44853861892112,0.7757306905394402,7.544853861892112,0.7757306905394402,5.130876828647328,2.3672807928381676,180.25349693103817,14.67280792838168,1.5514613810788804,7.22426930946056,9.0,6.32719207161832,1
16.0,1.0,5.3,1.0,4.3,1.5,144.0,11.0,1.0,7.0,7.0,10.0,1
17.0,1.0,4.1,0.0,8.6,3.0,74.0,15.0,2.0,3.0,6.0,1.0,0
16.07503613349585,0.6150072266991697,7.430995663980498,0.6150072266991697,5.0,1.553997109320332,47.07994218640664,4.920057813593358,0.7699855466016605,8.0,8.76998554660166,3.61500722669917,1
14.0,1.0,4.4,2.0,4.2,2.6,139.0,6.0,2.0,8.0,10.0,4.0,0
16.0,1.0,4.8,0.0,6.7,1.4,151.0,11.0,0.0,1.0,3.0,1.0,0
15.0,1.0,4.2,0.0,8.4,1.2,68.0,2.0,2.0,3.0,10.0,2.0,0
17.0,0.0,5.2,0.0,4.7,2.4,74.0,6.0,1.0,9.0,6.0,9.0,0
18.0,1.0,4.1,0.0,8.0,1.7,89.0,3.0,0.0,2.0,1.0,10.0,0
17.0,0.0,5.8,2.0,7.6,0.7,59.0,19.0,2.0,7.0,6.0,8.0,0
13.0,1.0,7.8,0.0,7.4,1.7,140.0,8.0,0.0,10.0,1.0,4.0,0
19.0,0.0,1.8,1.0,7.7,2.2,8.0,11.0,2.0,4.0,6.0,7.0,0
13.0,0.0,2.7,2.0,6.9,1.4,187.0,0.0,0.0,2.0,6.0,3.0,0
16.0,0.0,5.3,1.0,6.8,0.7,62.0,0.0,0.0,5.0,8.0,3.0,0
18.939819704323988,0.030090147838005676,7.693981970432399,0.030090147838005676,4.236108177405607,2.5909729556485983,151.17351576568223,16.909729556485985,0.06018029567601135,7.969909852161995,9.0,4.090270443514017,1
18.0,0.0,7.5,1.0,5.1,2.6,53.0,5.0,0.0,7.0,3.0,8.0,0
14.0,1.0,5.1,0.0,5.3,2.3,29.0,18.0,1.0,3.0,3.0,6.0,0
19.0,0.0,4.7,1.0,8.2,1.8,125.0,19.0,0.0,7.0,4.0,7.0,0
14.0,1.0,3.8,0.0,7.9,1.2,43.0,16.0,1.0,6.0,10.0,5.0,0
17.0,0.0,3.7,1.0,7.2,0.6,155.0,17.0,1.0,2.0,6.0,2.0,0
14.0,0.0,7.5,2.0,7.6,2.8,98.0,5.0,2.0,3.0,1.0,2.0,0
15.0,0.0,6.4,0.0,7.8,0.7,134.0,5.0,1.0,4.0,4.0,2.0,0
15.0,0.0,7.3,2.0,4.4,2.3,140.0,17.0,2.0,4.0,6.0,9.0,0
14.0,1.0,7.2,2.0,7.0,2.3,196.0,5.0,0.0,8.0,4.0,7.0,0
16.44328800569531,0.0,6.932986401708593,0.5113423988609378,4.302268479772188,1.6284494421642182,141.30717921936406,14.443288005695312,1.0226847977218756,8.511342398860938,9.511342398860938,3.488657601139062,1
19.0,0.0,5.8,2.0,7.5,1.9,186.0,15.0,1.0,2.0,1.0,3.0,0
17.0,1.0,5.0,0.0,7.3,1.2,173.0,5.0,2.0,9.0,10.0,8.0,0
19.0,1.0,2.8,1.0,4.8,1.7,56.0,4.0,0.0,5.0,7.0,4.0,0
13.0,0.0,2.4,1.0,8.4,1.6,169.0,8.0,0.0,1.0,3.0,2.0,0
16.561296972609767,0.8129010091300776,6.918709899086992,0.18709899086992243,5.556771311869101,0.9180682844788681,40.445119173471475,11.625802018260154,1.0,9.812901009130078,8.374197981739846,8.690307063910543,1
19.0,0.0,1.5,0.0,7.3,2.7,68.0,7.0,0.0,5.0,7.0,10.0,0
14.61341519593579,0.6134151959357899,7.181464313497264,1.0,4.952073676342211,0.577316960812842,122.57194166909157,5.252432844706312,0.7731696081284203,8.38658480406421,9.38658480406421,3.0,1
13.0,1.0,6.3,0.0,8.4,1.6,50.0,0.0,2.0,5.0,3.0,9.0,0
13.0,0.0,7.2,1.0,4.1,1.3,163.0,17.0,2.0,5.0,5.0,4.0,0
15.0,0.05380545711830975,5.256035825643098,0.1076109142366195,4.186088731389296,2.7192918143225353,146.9461945428817,1.753276399656336,1.9461945428816902,9.0,7.0,3.1076109142366195,1
18.0,0.0,1.6,1.0,6.2,1.9,167.0,11.0,0.0,8.0,9.0,9.0,0
13.0,1.0,3.5,0.0,5.1,1.1,42.0,17.0,2.0,2.0,5.0,6.0,0
19.0,1.0,5.6,1.0,8.1,3.0,83.0,5.0,2.0,6.0,3.0,4.0,0
13.0,0.0,4.0,2.0,4.2,0.5,132.0,4.0,0.0,2.0,9.0,9.0,0
13.0,0.0,1.6,0.0,4.2,1.5,82.0,10.0,2.0,10.0,1.0,10.0,0
18.418694582773217,0.5813054172267823,7.116261083445356,1.0,4.790652708613391,1.776825124495896,36.044802927308865,8.837389165546435,0.4186945827732177,8.418694582773218,8.837389165546435,3.5813054172267824,1
14.0,0.0,6.4,0.0,4.3,2.3,87.0,8.0,0.0,7.0,4.0,3.0,0
16.0,0.0,3.1,2.0,6.1,0.8,15.0,13.0,1.0,10.0,7.0,10.0,0
16.0,1.0,6.1,2.0,7.5,2.5,198.0,12.0,0.0,9.0,6.0,10.0,0
18.0,0.0,6.1,2.0,4.4,2.1,143.0,19.0,0.0,8.0,2.0,5.0,0
18.0,0.0,1.2,2.0,6.8,2.6,154.0,17.0,2.0,4.0,3.0,9.0,0
15.016348467607976,0.994550510797341,5.2054494892026595,0.994550510797341,5.591825766196012,1.5070843359634567,65.98910102159468,14.961853575581387,0.01089897840531795,7.0,8.99455051079734,3.983651532392023,1
19.0,0.0,4.6,2.0,4.6,2.5,6.0,19.0,1.0,10.0,10.0,8.0,0
14.120164647805643,0.12016464780564218,6.392263436489028,1.0,4.508148183025078,0.6759670704388715,130.95720098730408,10.678188874137936,1.7596707043887156,8.879835352194357,9.879835352194357,3.0,1
17.0,0.0,3.1,1.0,7.7,2.2,82.0,3.0,2.0,1.0,5.0,8.0,0
13.0,1.0,5.5,2.0,6.7,1.6,181.0,10.0,1.0,10.0,1.0,6.0,0
18.0,0.0,7.7,0.0,7.3,1.8,66.0,20.0,2.0,7.0,9.0,7.0,0
19.0,0.0,3.9,2.0,4.8,2.8,185.0,13.0,2.0,7.0,5.0,3.0,0
14.106970593494738,0.053485296747368904,6.151863232927369,1.0,4.394651470325264,0.7427882373978951,133.58833826422105,11.946514703252632,1.946514703252631,8.893029406505262,9.839544109757894,3.374397077231582,1
19.0,1.0,7.1,1.0,6.3,0.8,78.0,12.0,1.0,3.0,7.0,7.0,0
18.0,1.0,3.5,2.0,5.9,1.3,119.0,20.0,2.0,7.0,4.0,10.0,0
15.600248005153059,0.6799503989693882,5.9800744015459175,1.6799503989693882,5.315940478763266,2.3,27.039851196908163,7.280198404122447,1.6799503989693882,7.640099202061224,8.640099202061224,4.359900797938776,1
15.0,0.0,7.4,1.0,6.9,1.6,3.0,1.0,2.0,1.0,7.0,9.0,0
17.0,0.0,3.8,2.0,5.7,2.0,0.0,19.0,0.0,1.0,3.0,1.0,0
18.819461122652775,0.045134719336805906,7.713540415801042,0.09026943867361181,4.267702079005209,2.5413248648621525,149.81946112265277,16.909730561326388,0.045134719336805906,8.045134719336806,8.909730561326388,4.045134719336806,1
15.0,0.0,5.1,1.0,5.5,0.7,145.0,12.0,2.0,6.0,10.0,8.0,0
14.0,1.0,1.8,2.0,8.2,2.2,86.0,10.0,1.0,9.0,5.0,10.0,0
14.0,0.0,2.7,0.0,8.4,1.3,31.0,4.0,0.0,6.0,3.0,8.0,0
19.0,0.0,6.5,0.0,6.0,1.5,168.0,10.0,2.0,8.0,5.0,7.0,0
17.0,1.0,1.3,1.0,8.0,2.0,33.0,17.0,1.0,1.0,7.0,8.0,0
13.0,0.0,2.0,0.0,6.6,0.9,155.0,0.0,1.0,5.0,9.0,4.0,0
16.972656070346005,1.0,7.497265607034601,0.9863280351730027,5.382226445724904,2.2972656070346003,188.972656070346,14.0,1.9726560703460054,7.041015894480992,9.013671964826997,6.9179682110380165,1
16.0,0.0,7.9,1.0,8.0,1.6,73.0,0.0,1.0,3.0,5.0,6.0,0
15.0,0.23978735915740323,5.7953833415564695,0.47957471831480647,4.483659774651845,2.440318961263895,146.7602126408426,4.3570230282036455,1.7602126408425969,9.0,7.0,3.4795747183148062,1
19.0,0.0,2.3,1.0,6.5,3.0,12.0,15.0,1.0,9.0,10.0,8.0,0
15.0,1.0,8.0,0.0,4.4,0.7,104.0,16.0,1.0,6.0,7.0,2.0,0
15.0,0.0,2.7,0.0,5.4,1.6,172.0,11.0,1.0,2.0,6.0,8.0,0
15.147109842237555,0.0,5.458843936895022,1.0,5.174255777608428,0.6625216829509608,43.30122824937162,0.36777460559388686,0.036777460559388686,7.073554921118777,9.036777460559389,9.74255777608428,1
16.0,0.0,5.0,1.0,6.3,3.0,82.0,16.0,2.0,5.0,10.0,3.0,0
19.0,0.0,5.9,2.0,7.0,2.3,61.0,16.0,0.0,3.0,5.0,10.0,0
18.0,0.0,7.7,1.0,4.7,1.4,152.0,4.0,2.0,9.0,6.0,6.0,0
18.301580850774677,1.0,7.434920957461267,1.650790425387339,4.749209574612661,1.7142886171513947,194.2063234030987,10.095257447675966,0.6984191492253218,8.301580850774679,7.698419149225321,5.698419149225321,1
13.0,1.0,1.4,2.0,7.4,0.5,116.0,6.0,0.0,3.0,2.0,6.0,0
16.0,0.0,2.2,1.0,5.1,2.3,77.0,19.0,1.0,4.0,7.0,6.0,0
16.288016796836732,1.0,6.472407138655611,1.427995800790817,5.299597060553572,1.7851962207117351,37.15206718734693,7.144008398418366,0.8559916015816338,7.572004199209183,8.0,4.427995800790817,1
15.942201755684852,0.9422017556848528,6.952018419883633,0.11559648863029448,5.707522809095764,0.686697366472721,43.59541228979397,11.422017556848527,0.9422017556848528,10.0,7.942201755684852,9.942201755684852,1
19.0,1.0,7.9,0.0,5.7,2.4,38.0,13.0,1.0,1.0,9.0,9.0,0
15.0,0.0,2.7,1.0,6.6,1.9,83.0,13.0,2.0,3.0,6.0,6.0,0
15.0,0.0,2.6,2.0,6.8,1.7,35.0,14.0,2.0,8.0,6.0,6.0,0
15.0,1.0,4.6,1.0,5.3,3.0,112.0,18.0,0.0,1.0,8.0,7.0,0
13.0,1.0,7.9,1.0,4.1,1.6,160.0,7.0,2.0,9.0,3.0,5.0,0
18.0,0.0,7.1,0.0,8.0,2.9,14.0,9.0,1.0,10.0,8.0,5.0,0
15.0,1.0,2.3,1.0,6.5,2.6,100.0,15.0,0.0,1.0,8.0,4.0,0
13.0,0.0,4.4,2.0,8.2,1.5,185.0,3.0,1.0,9.0,6.0,6.0,0
13.0,1.0,5.1,1.0,4.5,2.7,144.0,3.0,1.0,2.0,3.0,10.0,0
19.0,1.0,2.8,0.0,5.9,1.5,154.0,4.0,1.0,10.0,9.0,4.0,0
17.81490597718367,0.2962735057040824,7.788882051711225,0.5925470114081648,4.644410258556124,2.214844442584693,148.81490597718368,16.407452988591835,0.2962735057040824,8.296273505704082,8.407452988591835,4.296273505704082,1
17.0,1.0,6.0,2.0,4.2,2.2,42.0,12.0,2.0,1.0,4.0,5.0,0
15.0,1.0,7.0,0.0,5.9,1.3,115.0,9.0,0.0,10.0,2.0,6.0,0
17.0,1.0,7.2,1.0,7.0,1.3,174.0,7.0,0.0,7.0,8.0,4.0,0
13.0,0.0,5.4,0.0,4.1,2.0,53.0,13.0,2.0,6.0,10.0,8.0,0
13.0,1.0,4.0,0.0,4.4,2.5,77.0,3.0,2.0,7.0,2.0,10.0,0
17.0,0.0,8.0,0.0,6.9,2.2,41.0,16.0,0.0,4.0,2.0,8.0,0
19.0,0.0,7.0,0.0,8.9,2.8,33.0,14.0,1.0,6.0,8.0,6.0,0
14.982168343329436,0.01783165667056441,7.758987189657702,2.0,4.226747485005847,2.103566331334113,36.83951508996492,2.0713266266822576,0.03566331334112882,9.946505029988307,7.017831656670564,8.928673373317743,1
14.0,1.0,4.7,0.0,5.1,2.2,50.0,8.0,2.0,2.0,10.0,7.0,0
15.0,0.0,7.2,2.0,5.7,0.7,90.0,19.0,2.0,1.0,3.0,6.0,0
15.0,1.0,1.3,1.0,7.6,0.6,176.0,13.0,0.0,1.0,1.0,4.0,0
17.0,0.0,4.6,1.0,5.1,2.5,145.0,19.0,2.0,2.0,5.0,6.0,0
17.0,1.0,5.6,0.0,5.3,1.7,74.0,7.0,2.0,8.0,4.0,8.0,0
19.0,1.0,6.8,2.0,4.4,2.1,20.0,14.0,1.0,3.0,2.0,8.0,0
17.0,1.0,2.6,0.0,6.5,1.5,164.0,18.0,1.0,8.0,6.0,1.0,0
16.323592099410597,0.6691019751473508,7.531628617396854,0.3308980248526492,4.2985388149115895,1.5705631602357615,183.6910197514735,10.691019751473508,0.6617960497052984,9.338203950294702,9.338203950294702,2.654490124263246,1
19.0,0.0,3.8,1.0,7.4,2.6,190.0,12.0,0.0,7.0,4.0,8.0,0
15.0,0.0,5.1,0.0,4.1,2.8,147.0,1.0,2.0,9.0,7.0,3.0,1
19.0,1.0,4.8,1.0,6.0,1.5,68.0,9.0,1.0,2.0,2.0,6.0,0
15.0,0.0,4.1,0.0,7.6,1.0,96.0,8.0,0.0,4.0,5.0,1.0,0
16.0,1.0,1.5,0.0,8.0,0.7,177.0,4.0,2.0,4.0,7.0,5.0,0
15.0,0.5522168354269084,6.701428822738034,1.1044336708538167,4.983546936683053,1.9716747468596374,146.44778316457308,8.731035695976717,1.4477831645730916,9.0,7.0,4.104433670853817,1
14.947511037682919,1.0,5.252488962317082,1.0262444811585407,5.563257726378042,1.5262444811585407,65.5538438203048,15.02624448115854,0.0,7.078733443475622,9.0,3.9737555188414593,1
16.45684126075868,0.4856137535862266,7.5086317478482645,1.5143862464137734,4.588491002868981,1.7600703724896414,40.39929627510359,4.91368252151736,0.0,9.028772492827546,7.485613753586227,6.5719312320688665,1
15.0,0.0,4.8,2.0,4.3,2.2,114.0,2.0,2.0,4.0,1.0,4.0,0
15.0,1.0,4.2,2.0,7.1,2.1,92.0,17.0,2.0,4.0,1.0,3.0,0
13.0,1.0,3.5,2.0,8.7,1.4,12.0,6.0,1.0,9.0,4.0,5.0,0
18.0,0.0,6.3,2.0,6.9,1.0,1.0,1.0,2.0,4.0,6.0,1.0,0
13.0,0.0,2.1,1.0,5.8,2.7,26.0,13.0,0.0,4.0,6.0,6.0,0
17.0,0.0,2.1,1.0,4.7,2.0,13.0,13.0,0.0,5.0,1.0,8.0,0
17.0,1.0,6.6,0.0,8.0,2.2,92.0,19.0,1.0,10.0,8.0,10.0,0
14.0,0.0,7.0,0.0,5.2,1.4,30.0,10.0,2.0,5.0,7.0,8.0,0
18.0,1.0,2.0,0.0,5.9,2.9,136.0,8.0,1.0,8.0,6.0,10.0,0
14.860033669621664,0.9300168348108319,7.3279932660756675,0.0,4.12099494955675,2.0930016834810834,186.580101008865,14.34991582594584,0.06998316518916814,9.860033669621664,9.790050504432497,1.4898821563241773,1
14.0,0.0,2.5,1.0,5.6,2.9,18.0,12.0,0.0,3.0,9.0,5.0,0
13.0,0.0,5.1,2.0,4.1,1.6,81.0,1.0,2.0,1.0,3.0,8.0,0
19.0,1.0,5.5,1.0,7.4,2.0,56.0,17.0,1.0,9.0,8.0,10.0,0
15.0,0.0,3.3,2.0,6.1,1.2,55.0,3.0,0.0,8.0,6.0,3.0,0
17.0,0.0,3.5,2.0,4.6,0.7,62.0,4.0,1.0,7.0,3.0,1.0,0
15.0,0.0,3.8,1.0,7.1,0.5,16.0,18.0,2.0,2.0,9.0,7.0,0
13.0,0.0,1.6,1.0,4.3,0.6,84.0,20.0,2.0,5.0,10.0,7.0,0
17.0,1.0,7.6,0.0,7.3,1.9,28.0,8.0,2.0,10.0,8.0,1.0,0
19.0,1.0,2.1,2.0,4.4,2.2,108.0,5.0,1.0,9.0,5.0,6.0,0
19.0,0.0,5.3,0.0,4.7,2.8,169.0,11.0,1.0,1.0,9.0,6.0,0
18.937454373035223,0.01563640674119393,7.704690922022358,0.03127281348238786,4.223454610111791,2.579672671236448,149.93745437303522,16.96872718651761,0.01563640674119393,8.015636406741194,8.968727186517611,4.015636406741194,1
14.927082512699581,0.3854165025399161,7.56875009847605,0.3854165025399161,5.0,1.6458333989840335,48.91666797968067,3.083332020319329,1.2291669949201678,8.0,9.229166994920167,3.385416502539916,1
14.612753821193003,1.0,7.2,1.6774492357613995,4.458040611390881,2.145194159337539,47.387246178807,13.419593886091196,0.0,9.354898471522798,8.677449235761399,3.3225507642386005,1
17.0,0.0,7.6,2.0,4.9,0.6,55.0,1.0,0.0,4.0,1.0,9.0,0
17.0,0.0,6.7,0.0,7.6,2.4,38.0,14.0,2.0,9.0,5.0,5.0,0
13.0,0.0,7.3,2.0,4.2,1.3,51.0,19.0,1.0,4.0,5.0,2.0,0
14.0,0.0,7.2,1.0,4.8,1.4,41.0,15.0,0.0,5.0,7.0,1.0,0
14.0,0.0,6.5,0.0,5.3,2.7,147.0,1.0,0.0,8.0,6.0,4.0,0
17.0,1.0,2.3,1.0,6.4,2.4,117.0,4.0,2.0,2.0,1.0,1.0,0
15.478560125446332,0.8803599686384168,7.9641079905915255,1.7607199372768336,5.520539952957625,1.4555320407700583,146.47856012544634,15.239280062723166,0.8803599686384168,8.880359968638416,7.239280062723166,4.880359968638417,1
15.0,1.0,7.4,1.0,8.6,1.4,69.0,17.0,0.0,10.0,10.0,1.0,0
19.0,0.0,7.0,0.0,8.3,2.1,181.0,0.0,0.0,9.0,7.0,3.0,0
16.220860267841182,0.0,5.893559174096768,0.0,4.130521506696029,2.7389569866079406,147.91564520088087,5.883441071364727,1.3895698660794091,8.694784933039704,7.610430133920591,3.3052150669602955,1
18.0,0.0,6.4,1.0,7.4,1.5,162.0,4.0,0.0,9.0,2.0,5.0,0
17.0,0.0,2.7,0.0,7.5,1.5,200.0,3.0,0.0,5.0,7.0,3.0,0
19.0,0.0,1.5,1.0,6.7,1.0,62.0,14.0,0.0,4.0,3.0,3.0,0
17.0,0.0,1.8,0.0,6.9,2.7,22.0,10.0,1.0,2.0,2.0,7.0,0
19.0,0.0,2.0,0.0,4.1,1.3,65.0,16.0,0.0,7.0,7.0,8.0,0
15.0,1.0,1.1,1.0,8.2,0.7,106.0,5.0,1.0,10.0,7.0,9.0,0
15.418899052321077,0.596850157946487,6.393700315892974,1.193700315892974,4.240314984205352,2.0162201895357845,65.12599368214052,11.96850157946487,0.806299684107026,10.0,8.596850157946488,5.822048894374591,1
19.0,1.0,6.3,2.0,5.7,2.3,51.0,13.0,1.0,6.0,3.0,6.0,0
13.0,0.0,8.0,0.0,6.9,2.5,58.0,10.0,2.0,10.0,1.0,3.0,0
17.0,0.0,2.0,2.0,4.5,1.7,49.0,2.0,2.0,9.0,4.0,2.0,0
15.0,1.0,1.1,0.0,9.0,1.2,194.0,17.0,2.0,5.0,10.0,2.0,0
13.696347083718283,0.13926941674365656,7.716438349953806,0.13926941674365656,5.0,1.7442922333025375,50.885844666050744,1.1141553339492525,1.7214611665126869,8.0,9.721461166512686,3.1392694167436566,1
16.0,0.0,3.7,0.0,7.6,1.2,121.0,19.0,2.0,4.0,8.0,6.0,0
16.0,0.0,1.1,0.0,6.4,3.0,110.0,15.0,2.0,8.0,6.0,9.0,0
14.0,1.0,3.6,0.0,4.1,2.9,59.0,12.0,2.0,10.0,6.0,7.0,0
19.0,0.0,6.6,0.0,4.4,1.1,89.0,19.0,0.0,6.0,8.0,5.0,0
13.247785555552923,0.0,7.6926262592604004,0.0,4.971091685185492,1.7793512037039232,53.52801092590969,0.24778555555292314,2.0,8.082595185184308,9.917404814815692,3.2890831481450764,1
16.0,0.0,2.7,2.0,7.5,2.8,57.0,7.0,2.0,3.0,1.0,5.0,0
13.0,1.0,2.5,1.0,6.8,2.8,74.0,12.0,0.0,2.0,6.0,10.0,0
13.0,1.0,8.0,0.0,5.4,2.8,98.0,13.0,1.0,6.0,10.0,10.0,0
17.786948661456602,0.30326283463584935,5.988483370053208,0.30326283463584935,4.603262834635849,1.0573897322913206,97.18809653516793,4.483685826820754,1.3934743307283013,9.393474330728301,8.303262834635849,7.877160157549055,1
17.25511616016813,1.0,7.0882674240252195,0.6275580800840634,5.297953535932749,1.1020464640672507,44.0,9.489767679663746,0.37244191991593656,8.744883839831873,8.0,6.234651519495619,1
18.0,0.0,1.9,0.0,5.6,2.3,56.0,13.0,2.0,8.0,1.0,8.0,0
14.098571387180169,0.049285693590083834,6.155642875768924,1.0,4.395071430640992,0.739428554872067,133.5421426294909,11.950714306409916,1.9507143064099162,8.901428612819831,9.852142919229749,3.3449998551305864,1
15.0,1.0,7.849858445829775,1.249292229148875,5.3997168916595495,0.6994337833191,123.47876687446625,4.490091208084249,0.24929222914887494,8.249292229148875,8.50141554170225,3.49858445829775,1
14.0,1.0,3.7,2.0,7.1,1.7,114.0,17.0,2.0,10.0,4.0,5.0,0
19.0,0.0,7.7,1.0,8.4,2.8,45.0,18.0,2.0,7.0,6.0,6.0,0
19.0,0.9087133232138664,7.45477200607168,1.9087133232138664,4.42738600303584,1.3178419908924797,195.17426646427734,7.634853292855466,0.18257335357226712,8.908713323213867,7.091286676786133,5.091286676786133,1
14.0,1.0,7.0,0.0,6.9,2.1,37.0,8.0,1.0,10.0,3.0,6.0,0
17.735855077592564,0.0,7.083494931254609,0.6839637693981411,4.510378261638885,1.2268833303842754,167.51891308194422,3.0518913081944232,2.0,8.31603623060186,7.683963769398141,5.051891308194423,1
15.0,1.0,4.2,1.0,5.5,1.3,159.0,12.0,0.0,2.0,5.0,2.0,0
13.0,1.0,2.3,1.0,6.6,1.4,196.0,0.0,2.0,6.0,10.0,1.0,0
17.0,1.0,6.7,2.0,7.9,1.4,84.0,14.0,1.0,3.0,3.0,1.0,0
17.0,1.0,7.0,1.0,8.9,0.6,129.0,18.0,2.0,9.0,2.0,4.0,0
16.0,1.0,3.5,1.0,6.1,2.7,26.0,15.0,2.0,4.0,5.0,10.0,0
14.0,0.0,1.2,0.0,8.5,1.8,44.0,17.0,1.0,5.0,10.0,10.0,0
17.0,1.0,6.6,2.0,7.4,2.2,5.0,4.0,1.0,7.0,4.0,9.0,0
13.0,1.0,3.3,2.0,7.4,0.9,22.0,18.0,2.0,4.0,10.0,6.0,0
19.0,0.0,5.2,0.0,7.6,1.3,90.0,0.0,1.0,4.0,5.0,8.0,0
19.0,0.07168143741227462,7.6784955687763174,0.14336287482454924,4.214336287482455,2.5139822751052705,153.3690275583769,16.35486706328953,0.0,8.071681437412275,8.856637125175451,4.071681437412274,1
18.0,1.0,3.8,2.0,4.5,1.3,118.0,11.0,2.0,7.0,8.0,1.0,0
18.0,1.0,1.8,2.0,7.8,2.0,27.0,1.0,0.0,4.0,6.0,3.0,0
18.0,1.0,1.8,1.0,6.1,2.7,184.0,8.0,0.0,4.0,2.0,4.0,0
19.0,1.0,4.2,2.0,8.1,1.4,130.0,13.0,0.0,9.0,4.0,2.0,0
13.0,0.0,2.4,0.0,7.1,0.7,71.0,8.0,1.0,6.0,5.0,5.0,0
14.0,1.0,7.1,1.0,4.5,2.4,57.0,14.0,1.0,3.0,4.0,4.0,0
15.0,0.0,5.3,2.0,7.3,1.9,110.0,3.0,1.0,10.0,4.0,2.0,0
17.0,0.0,5.9,2.0,6.6,1.3,15.0,3.0,0.0,10.0,4.0,9.0,0
13.0,1.0,7.3,0.0,6.4,2.3,22.0,5.0,0.0,9.0,9.0,4.0,0
18.0,0.0,4.5,0.0,4.4,1.9,125.0,2.0,0.0,7.0,8.0,10.0,0
17.0,1.0,2.1,2.0,7.8,2.1,11.0,0.0,0.0,8.0,1.0,7.0,0
19.0,1.0,7.2,0.0,6.4,2.9,53.0,19.0,2.0,5.0,4.0,5.0,0
17.0,1.0,1.1,2.0,8.7,2.1,0.0,5.0,2.0,1.0,1.0,3.0,0
14.0,1.0,1.1,2.0,5.4,1.6,155.0,0.0,2.0,4.0,5.0,8.0,0
15.0,1.0,3.6,1.0,7.1,0.9,33.0,11.0,0.0,1.0,9.0,4.0,0
13.0,0.0,2.5,0.0,5.3,0.8,95.0,14.0,1.0,3.0,5.0,3.0,0
15.667409766384235,0.0,7.833370488319212,0.44456829439737255,4.533370488319212,1.3331475584039412,179.22172682241052,12.331475584039412,1.4445682943973726,8.0,7.4445682943973726,7.110863411205255,1
19.0,1.0,4.0,0.0,8.2,1.4,192.0,6.0,0.0,5.0,3.0,10.0,0
18.0,0.0,1.5,2.0,5.6,2.9,79.0,4.0,1.0,5.0,8.0,4.0,0
19.0,0.0,1.3,0.0,4.5,0.7,110.0,1.0,0.0,10.0,9.0,7.0,0
15.0,0.0,1.9,1.0,4.9,1.5,8.0,8.0,1.0,1.0,1.0,4.0,0
17.0,1.0,3.7,1.0,5.3,0.7,141.0,1.0,1.0,8.0,8.0,10.0,0
19.0,1.0,2.4,0.0,4.2,1.2,107.0,6.0,0.0,1.0,9.0,5.0,0
16.0,0.0,6.9,0.0,6.8,1.1,122.0,19.0,2.0,7.0,9.0,4.0,0
14.0,1.0,1.2,0.0,7.6,1.0,17.0,1.0,1.0,8.0,4.0,6.0,0
13.821379444746439,0.13689657412440648,7.658931027762678,0.27379314824881296,4.4,1.917862055525356,183.1903451859905,17.49413768463153,0.8631034258755935,8.136896574124407,7.0,7.5893102776267805,1
19.0,0.0,4.7,2.0,8.2,1.2,59.0,9.0,1.0,5.0,9.0,9.0,0
14.0,0.0,4.7,1.0,7.9,2.9,144.0,5.0,1.0,5.0,8.0,7.0,0
14.76336442300391,0.23663557699608906,7.255738172908995,2.0,4.554953365494134,2.147327115399218,34.870279807035196,2.9465423079843562,0.4732711539921781,9.290093269011733,7.236635576996089,8.053457692015645,1
15.0,1.0,5.2,0.0,6.7,3.0,100.0,4.0,0.0,9.0,7.0,9.0,0
15.0,0.0,7.6,1.0,7.9,0.8,113.0,13.0,1.0,10.0,8.0,6.0,0
14.486673831307607,0.5133261686923929,5.451332616869239,1.513326168692393,5.4566630843461965,1.472654486777068,35.78678130092172,3.0799570121543574,1.0266523373847858,7.0,8.486673831307607,7.433369156538036,1
18.0,1.0,3.8,2.0,5.4,1.7,118.0,13.0,2.0,5.0,10.0,3.0,0
15.0,1.0,1.2,0.0,5.2,1.0,153.0,6.0,1.0,5.0,8.0,10.0,0
14.0,0.0,6.1,2.0,7.6,1.4,157.0,7.0,0.0,9.0,3.0,3.0,0
15.459212356676128,1.0,6.52144864967329,0.5407876433238719,5.772960617833807,1.059669496825291,39.67369885340902,10.377637070028385,1.270393821661936,9.188818535014192,8.0,8.64803089169032,1
15.0,1.0,4.2,1.0,6.8,1.4,31.0,19.0,0.0,6.0,6.0,4.0,0
18.0,0.0,6.3,2.0,7.9,1.7,154.0,11.0,2.0,1.0,1.0,2.0,0
14.0,1.0,4.0,1.0,5.1,1.1,185.0,6.0,2.0,5.0,4.0,9.0,0
19.0,0.0,2.0,1.0,5.3,1.7,115.0,1.0,0.0,9.0,5.0,9.0,0
16.0,1.0,4.4,2.0,4.2,2.0,90.0,8.0,2.0,2.0,9.0,8.0,0
18.0,1.0,4.5,0.0,4.0,2.9,54.0,13.0,2.0,8.0,6.0,5.0,0
16.753477939875882,1.0,7.0130216909813825,0.37673896993794076,5.498608824049647,0.9013911759503526,44.0,10.493044120248237,0.6232610300620592,9.246522060124118,8.0,7.739566180372355,1
18.480100274291473,0.2599498628542627,7.870025068572868,1.0,4.881964903997984,0.9679097531376728,180.11939835425116,6.5994986285426265,2.0,7.7400501371457375,8.259949862854263,6.2599498628542625,1
17.0,1.0,5.5,0.0,4.9,2.6,71.0,1.0,2.0,6.0,8.0,3.0,0
14.0,0.0,7.2,1.0,5.7,2.7,140.0,14.0,0.0,7.0,3.0,7.0,0
13.0,1.0,2.4,0.0,5.5,0.6,85.0,16.0,2.0,4.0,8.0,7.0,0
17.63792114580618,1.0,7.468103942709691,1.3189605729030909,5.0810394270969095,2.012935484387218,191.55168458322473,12.086236562581455,1.362078854193818,7.637921145806182,8.362078854193818,6.362078854193818,1
14.0,1.0,6.6,1.0,6.2,1.8,41.0,10.0,1.0,4.0,1.0,8.0,0
14.0,0.0,3.8,0.0,4.8,1.9,97.0,18.0,1.0,4.0,6.0,6.0,0
19.0,1.0,7.4,2.0,4.4,1.4,197.0,8.0,0.0,9.0,7.0,5.0,1
16.0,0.0,3.9,1.0,4.2,2.1,139.0,8.0,2.0,6.0,5.0,7.0,0
17.0,0.0,2.2,1.0,7.1,1.1,114.0,0.0,0.0,2.0,1.0,2.0,0
16.0,0.0,1.9,0.0,7.8,2.1,125.0,11.0,1.0,7.0,7.0,5.0,0
16.0,0.0,4.0,2.0,4.2,0.5,6.0,6.0,0.0,6.0,10.0,5.0,0
14.0,1.0,2.7,0.0,5.1,2.4,96.0,17.0,1.0,3.0,10.0,8.0,0
17.0,0.0,5.3,0.0,6.4,2.9,156.0,8.0,0.0,3.0,8.0,3.0,0
14.0,0.0,3.2,1.0,8.0,1.3,114.0,8.0,1.0,2.0,7.0,5.0,0
13.0,0.0,1.1,1.0,7.1,1.8,63.0,1.0,1.0,5.0,5.0,10.0,0
16.0,0.0,2.3,1.0,6.3,3.0,43.0,13.0,2.0,4.0,4.0,9.0,0
15.97424820853441,1.0,5.369529836957092,1.0257517914655898,4.336052508051825,1.494849641706882,144.0515035829312,11.103007165862358,1.0,7.051503582931179,7.0,9.87124104267205,1
17.0,1.0,5.5,0.0,6.3,0.8,14.0,16.0,1.0,6.0,8.0,7.0,0
18.0,0.0,2.2,2.0,4.5,2.0,163.0,1.0,1.0,1.0,7.0,6.0,0
16.0,1.0,6.7,2.0,6.8,1.9,16.0,3.0,1.0,10.0,9.0,1.0,0
14.0,0.0,5.4,2.0,8.1,1.8,22.0,7.0,2.0,5.0,8.0,8.0,0
15.486604883855692,0.0,7.004286437166178,0.0,4.552411120905975,2.2973209767711387,57.967851721253666,3.978567814169108,2.0,7.502679023228861,9.005358046457722,2.005358046457723,1
14.0,0.0,1.4,2.0,4.5,1.4,158.0,10.0,1.0,9.0,10.0,9.0,0
19.0,1.0,6.5,1.0,6.4,1.1,65.0,9.0,0.0,8.0,9.0,8.0,0
16.0,1.0,2.9,1.0,6.3,3.0,134.0,14.0,2.0,9.0,7.0,3.0,0
17.720213214995578,0.0,7.316063964498673,0.2559573570008846,4.251191471400177,2.1136810216983193,145.64872493098497,15.720213214995578,0.5119147140017692,8.255957357000884,9.255957357000884,3.7440426429991156,1
13.0,1.0,7.1,0.0,5.7,1.2,26.0,20.0,2.0,2.0,8.0,7.0,0
14.080884284721341,0.08088428472134057,6.345591712498413,1.0808842847213405,4.505149570137743,0.7485305708328043,134.05149570137743,12.242652854164021,1.9191157152786595,9.0,9.757347145835979,3.161768569442681,1
13.0,1.0,6.0,1.0,5.0,2.5,63.0,17.0,1.0,4.0,9.0,2.0,0
15.0,1.0,4.6,2.0,8.6,2.0,0.0,2.0,0.0,1.0,8.0,3.0,0
15.0,1.0,1.5,2.0,8.7,1.2,120.0,15.0,0.0,9.0,7.0,2.0,0
13.0,0.0,6.6,1.0,5.7,2.5,27.0,8.0,0.0,2.0,1.0,10.0,0
19.0,1.0,3.6,2.0,5.6,1.7,52.0,0.0,0.0,10.0,4.0,3.0,0
16.0,1.0,3.8,1.0,6.0,3.0,128.0,18.0,0.0,7.0,9.0,1.0,0
17.0,1.0,4.4,0.0,6.0,1.2,142.0,7.0,2.0,6.0,2.0,6.0,0
18.0,1.0,7.1,0.0,4.8,2.1,110.0,7.0,1.0,1.0,1.0,10.0,0
18.0,0.0,1.2,0.0,6.4,1.3,99.0,19.0,0.0,5.0,9.0,10.0,0
13.0,1.0,7.2,2.0,4.2,2.5,49.0,16.0,0.0,10.0,9.0,3.0,1
17.0,0.0,4.8,1.0,5.6,1.6,199.0,6.0,0.0,3.0,8.0,4.0,0
19.0,0.0,3.5,1.0,8.4,1.7,132.0,15.0,1.0,6.0,9.0,3.0,0
15.0,0.0,6.2,0.0,8.1,2.3,176.0,6.0,0.0,5.0,4.0,9.0,0
14.95478132989381,0.04521867010618941,7.695997058755764,2.0,4.267828005159284,2.109043734021238,36.5930319690443,2.1808746804247576,0.09043734021237881,9.864343989681432,7.045218670106189,8.819125319575242,1
17.42529716751237,1.0,6.955751296192757,1.1436757081219076,5.100572995685336,1.5293081373097168,41.701188670049476,7.7126485837561845,0.2873514162438151,7.856324291878092,8.0,4.143675708121908,1
13.0,0.0,7.4,0.0,5.6,1.4,70.0,10.0,1.0,8.0,5.0,5.0,0
16.693883769232475,0.5765290576918815,6.698975549998892,0.5765290576918815,4.876529057691881,0.8387767538464949,104.5662845576808,3.117354711540593,0.8469418846162371,8.846941884616237,8.576529057691882,5.96429659615683,1
17.0,1.0,7.6,2.0,7.1,1.1,166.0,13.0,1.0,3.0,2.0,6.0,0
18.0,0.17533026988933853,6.375330269889338,0.17533026988933853,4.257797242900405,2.554537622154926,60.49339460221323,8.0,1.649339460221323,7.175330269889338,8.0,1.5259908096680155,1
18.0,0.0,4.5,1.0,4.1,1.9,37.0,15.0,2.0,6.0,7.0,8.0,0
17.0,0.0,7.7,1.0,8.5,1.2,85.0,2.0,2.0,7.0,10.0,7.0,0
15.0,1.0,6.4,0.0,5.9,1.6,97.0,19.0,1.0,10.0,2.0,6.0,0
18.0,0.0,5.3,2.0,5.1,1.2,81.0,17.0,0.0,7.0,3.0,8.0,0
15.0,0.0,2.2,0.0,6.1,0.9,36.0,15.0,1.0,2.0,7.0,3.0,0
16.00006579686442,0.7499835507838953,7.149957232038128,0.7499835507838953,5.049983550783895,0.7000131593728838,109.24955587116517,2.2500822460805234,0.5000328984322093,8.50003289843221,8.749983550783895,4.7501151445127325,1
16.0,1.0,7.6,1.0,7.6,2.4,18.0,8.0,2.0,1.0,5.0,5.0,0
14.0,1.0,1.3,1.0,7.5,1.4,17.0,16.0,2.0,10.0,8.0,7.0,0
15.273242662884059,1.0,7.3273242662884055,0.13662133144202881,4.277607730874637,2.1273242662884058,187.27324266288406,14.0,0.27324266288405763,9.590136005673914,9.86337866855797,1.819727988652173,1
17.0,0.0,1.5,1.0,5.5,1.7,148.0,5.0,0.0,4.0,9.0,9.0,0
18.353485143621544,0.16162871409461377,5.2,0.16162871409461377,4.510117328322997,1.3323257428189228,85.28253957582389,7.454658426851524,1.6767425718107725,9.515113857716159,8.161628714094613,9.030227715432318,1
14.0,0.0,6.2,1.0,4.4,0.7,133.0,12.0,2.0,9.0,10.0,3.0,1
15.0,0.9164992833013312,7.574548064913595,0.9164992833013312,5.1997991399615975,0.6920516484069381,118.58852221765873,1.0,0.16700143339733753,8.08350071669867,8.832998566602662,3.0,1
13.0,0.0,2.4,1.0,4.1,0.8,93.0,8.0,2.0,8.0,6.0,3.0,0
15.0,1.0,7.3,2.0,7.6,1.9,29.0,1.0,2.0,8.0,7.0,5.0,0
17.909636480122916,1.0,7.139757653415279,1.0,5.018072703975417,1.403012117329236,44.66266581243194,8.210848213046527,0.0,7.969878826707639,8.030121173292361,4.0,1
15.711149532438018,1.0,6.022126168904955,1.0,4.588850467561982,1.211149532438018,135.9121869082645,8.11149532438018,0.7111495324380178,7.288850467561982,7.577700935123964,7.978046727066125,1
14.588703284555368,0.0,7.1115619100260075,0.0,4.814651283468541,1.6676080596203862,61.79700358809143,1.5887032845553675,2.0,8.529567761518456,9.470432238481544,4.853487165314595,1
14.0,1.0,6.9,1.0,6.4,0.9,7.0,6.0,2.0,5.0,5.0,9.0,0
18.0,0.0,6.2,0.0,4.1,2.8,64.0,8.0,2.0,7.0,8.0,1.0,1
13.531710725679584,0.1329276814198963,7.673414463716021,0.1329276814198963,4.532927681419896,2.0398783044259687,182.06342145135918,18.33536159290052,1.1329276814198963,7.867072318580104,7.265855362839792,7.867072318580104,1
17.0,0.0,5.9,0.0,7.4,1.7,114.0,5.0,1.0,6.0,7.0,1.0,0
14.0,1.0,2.9,1.0,5.8,1.6,155.0,8.0,2.0,6.0,10.0,3.0,0
18.0,0.0,4.5,1.0,5.0,2.5,49.0,5.0,2.0,8.0,9.0,1.0,0
17.0,1.0,5.3,2.0,6.8,1.9,173.0,16.0,0.0,10.0,6.0,8.0,0
19.0,0.0,2.7,2.0,7.7,0.7,40.0,14.0,2.0,10.0,8.0,7.0,0
16.0,0.0,7.9,0.0,8.7,2.5,89.0,5.0,1.0,7.0,7.0,4.0,0
14.0,0.0,5.0,2.0,4.3,1.1,164.0,14.0,2.0,9.0,4.0,10.0,0
16.0,1.0,1.4,2.0,5.2,1.7,53.0,5.0,0.0,10.0,4.0,3.0,0
14.0,0.0,2.3,1.0,8.0,2.5,16.0,10.0,2.0,5.0,6.0,7.0,0
13.0,0.0,6.4,1.0,5.1,2.5,104.0,6.0,0.0,5.0,4.0,7.0,0
13.0,1.0,2.8,2.0,6.4,1.4,19.0,3.0,2.0,4.0,8.0,10.0,0
18.0,1.0,3.8,0.0,5.9,1.0,40.0,4.0,0.0,9.0,10.0,9.0,0
15.0,0.0,6.2,2.0,6.4,1.4,155.0,7.0,1.0,8.0,9.0,9.0,0
13.0,0.0,5.2,2.0,5.4,0.8,67.0,20.0,0.0,8.0,3.0,10.0,0
17.307615538505438,0.4230961153736409,7.826928834612092,0.8461922307472818,4.834644173060461,2.049975050014267,148.30761553850544,16.15380776925272,0.4230961153736409,8.42309611537364,8.153807769252719,4.423096115373641,1
18.0,1.0,3.8,2.0,5.3,2.3,37.0,14.0,0.0,4.0,8.0,2.0,0
18.0,1.0,2.3,1.0,7.6,0.5,21.0,10.0,2.0,9.0,8.0,7.0,0
14.0,0.0,1.8,2.0,5.1,2.7,73.0,18.0,0.0,8.0,4.0,6.0,0
17.0,0.0,3.5,0.0,4.3,2.2,102.0,19.0,1.0,4.0,5.0,9.0,0
13.0,1.0,1.2,1.0,8.0,2.8,177.0,8.0,1.0,5.0,8.0,5.0,0
13.0,0.20481380523129633,7.677111716861222,0.40962761046259266,4.836148955814963,1.9433696636619073,51.38555858430611,3.2770208837007413,1.5903723895374073,8.409627610462593,9.795186194768704,3.0,1
13.0,1.0,7.2,0.0,8.1,2.1,120.0,14.0,2.0,3.0,3.0,7.0,0
15.0,0.0,7.6,2.0,6.0,2.9,157.0,17.0,1.0,1.0,9.0,6.0,0
18.0,1.0,5.1,1.0,7.4,1.3,12.0,16.0,1.0,1.0,5.0,5.0,0
15.77742358242897,1.0,5.8564410439275765,1.0,4.52257641757103,1.2774235824289695,137.76786030801114,8.774235824289695,0.7774235824289695,7.22257641757103,7.445152835142061,8.441965077002786,1
18.0,1.0,7.7,1.0,7.6,2.9,36.0,12.0,1.0,10.0,3.0,6.0,0
16.484242882656428,0.5052523724478571,5.694747627552143,0.5052523724478571,4.857878558671786,2.1431719158177858,65.01050474489571,11.536766607135,0.9894952551042857,7.0,8.505252372447858,2.5157571173435715,1
15.421135104492441,0.4211351044924413,7.420978405956803,1.1577297910151174,4.873816167187906,1.4682973432613382,39.94794573144709,6.211351044924413,0.4211351044924413,10.0,7.421135104492441,9.421135104492441,1
16.0,1.0,1.0,2.0,4.1,1.3,40.0,14.0,0.0,2.0,1.0,8.0,0
14.0,1.0,1.7,1.0,4.9,1.6,41.0,10.0,1.0,3.0,1.0,6.0,0
18.0,1.0,6.6,2.0,8.1,2.0,38.0,16.0,0.0,9.0,4.0,3.0,0
16.0,1.0,1.3,0.0,4.9,2.6,183.0,18.0,0.0,2.0,5.0,2.0,0
17.0,1.0,5.0,2.0,4.9,2.1,31.0,19.0,0.0,9.0,4.0,9.0,0
18.0,0.0,1.6,1.0,5.8,0.6,192.0,8.0,1.0,6.0,9.0,7.0,0
17.0,1.0,2.8,2.0,6.2,2.4,137.0,14.0,1.0,4.0,10.0,9.0,0
15.0,0.0,7.4,1.0,6.3,1.3,73.0,9.0,2.0,1.0,3.0,9.0,0
16.618124523795068,1.0,6.99271867856926,0.30906226189753405,5.552750190481973,0.8472498095180272,44.0,10.763750952409865,0.690937738102466,9.381875476204932,8.0,8.145626428614795,1
16.086171663278968,0.0,5.887474455877252,0.2715429158197419,4.262925749491845,2.1754512936145938,155.14628747459227,1.8146287474592255,2.0,8.728457084180258,7.271542915819742,3.8146287474592255,1
13.0,1.0,7.1,2.0,7.2,1.1,20.0,19.0,0.0,4.0,6.0,3.0,0
15.0,1.0,6.6,1.0,9.0,1.5,152.0,0.0,0.0,4.0,2.0,7.0,0
18.0,1.0,3.9,2.0,4.0,1.8,69.0,3.0,1.0,1.0,2.0,5.0,0
14.0,1.0,4.4,1.0,5.7,1.0,121.0,13.0,1.0,4.0,2.0,2.0,0
15.0,0.0,4.7,0.0,8.4,1.9,62.0,19.0,1.0,4.0,10.0,6.0,0
15.0,1.0,5.2,1.0,7.5,1.1,117.0,15.0,0.0,4.0,6.0,7.0,0
14.4362904504532,0.0,6.07645145945616,0.7181452252266001,5.14362904504532,0.9382257297280799,46.2548381981872,0.0,0.5637095495467999,7.2818547747734,9.2818547747734,8.0270165765862,1
15.0,1.0,7.4,0.0,8.6,0.9,48.0,2.0,0.0,1.0,5.0,3.0,0
14.183408294516962,1.0,5.628385806161874,1.8165917054830378,5.709170414725849,2.144102949660582,29.467266356135696,6.550224883550887,1.908295852741519,7.275112441775443,8.0,5.458520736292406,1
17.79818545006204,0.9327284833540133,7.078911270037224,1.0,5.013454303329198,1.3461827866832106,44.0,7.461827866832106,0.0,7.932728483354014,8.067271516645986,4.40362909987592,1
19.0,0.0,7.4,1.0,6.1,1.1,23.0,16.0,1.0,4.0,4.0,1.0,0
17.0,1.0,6.9,0.0,8.2,0.8,41.0,2.0,2.0,10.0,10.0,7.0,0
17.0,1.0,4.5,2.0,7.3,0.9,172.0,7.0,2.0,7.0,3.0,8.0,0
13.0,1.0,3.5,0.0,6.9,1.6,186.0,5.0,0.0,9.0,9.0,9.0,0
18.0,0.0,1.6,2.0,5.4,2.0,121.0,17.0,0.0,8.0,8.0,3.0,0
16.0,1.0,7.7,0.0,4.7,2.9,96.0,9.0,2.0,5.0,7.0,6.0,0
16.0,0.0,5.3,1.0,8.4,2.2,171.0,4.0,1.0,2.0,8.0,8.0,0
17.0,0.0,6.2,0.0,7.4,0.6,193.0,0.0,0.0,4.0,7.0,9.0,0
16.0,0.0,2.1,0.0,7.7,1.1,42.0,8.0,2.0,3.0,2.0,4.0,0
17.284531895152416,0.23848936828252776,5.961510631717473,0.23848936828252776,4.457734052423792,2.4899638212327138,64.47697873656506,9.669425577977695,1.5230212634349445,7.0,8.238489368282528,1.7154681048475835,1
14.0,1.0,2.0,0.0,4.7,1.1,110.0,2.0,1.0,2.0,9.0,4.0,0
13.0,0.0,5.0,0.0,5.2,2.6,7.0,10.0,2.0,4.0,4.0,5.0,0
14.0,0.0,2.7,2.0,6.3,0.6,138.0,11.0,2.0,6.0,6.0,6.0,0
13.0,0.0,1.8,0.0,8.9,1.2,129.0,15.0,2.0,2.0,8.0,9.0,0
17.0,1.0,5.4,1.0,7.1,2.5,170.0,16.0,0.0,3.0,5.0,7.0,0
14.0,1.0,7.8,0.0,4.3,2.6,122.0,20.0,1.0,3.0,7.0,3.0,0
19.0,0.0,4.0,0.0,7.8,0.6,117.0,10.0,1.0,2.0,7.0,9.0,0
19.0,0.0,5.6,1.0,6.5,1.4,102.0,2.0,1.0,9.0,9.0,7.0,0
16.0,0.0,1.7,1.0,4.9,0.6,193.0,8.0,2.0,10.0,4.0,6.0,0
17.722821806219066,0.0,6.869834174042394,0.0,4.1680705451554765,2.6638589096890466,149.0421163546643,11.891287224876269,0.6385890968904664,8.319294548445233,8.361410903109533,3.6807054515547666,1
16.554709158757927,0.611322710310518,7.455470915875793,0.0,4.138867728968948,2.294338644844741,172.61894028148916,15.166031869068446,0.0,9.222645420621037,9.611322710310517,2.166031869068446,1
19.0,1.0,5.4,1.0,7.4,1.7,182.0,4.0,0.0,6.0,10.0,9.0,0
17.0,0.0,2.5,2.0,6.7,2.0,55.0,10.0,1.0,5.0,7.0,5.0,0
14.0,1.0,6.1,0.0,7.0,2.7,97.0,19.0,2.0,1.0,8.0,8.0,0
15.698415440674285,0.23280514689142828,7.660316911865143,1.7671948531085717,4.386244117513143,1.9370363971760003,38.62963602824,3.3968308813485697,0.0,9.534389706217144,7.232805146891428,7.835974265542859,1
15.0,1.0,6.2,2.0,5.2,1.0,75.0,3.0,0.0,5.0,2.0,7.0,0
18.0,0.0,6.8,1.0,8.6,1.1,41.0,16.0,1.0,1.0,10.0,10.0,0
19.0,1.0,7.4,2.0,8.3,1.4,71.0,14.0,0.0,6.0,9.0,6.0,0
18.0,0.0,2.9,0.0,4.5,2.5,9.0,6.0,0.0,3.0,7.0,8.0,0
14.0,0.0,4.1,1.0,5.1,2.0,80.0,5.0,1.0,2.0,9.0,1.0,0
14.0,0.0,4.1,0.0,8.2,1.7,116.0,3.0,1.0,9.0,2.0,4.0,0
16.0,0.0,4.7,2.0,8.2,2.6,28.0,19.0,2.0,4.0,7.0,2.0,0
14.0,0.0,3.3,0.0,6.5,0.8,144.0,1.0,0.0,1.0,2.0,3.0,0
15.0,0.0,6.7,2.0,4.5,2.1,65.0,6.0,1.0,3.0,3.0,3.0,0
13.0,1.0,5.3,1.0,6.5,1.1,3.0,17.0,0.0,9.0,5.0,4.0,0
18.0,0.0,2.6,2.0,8.6,2.7,149.0,1.0,1.0,5.0,4.0,6.0,0
18.0,1.0,4.5,2.0,8.0,1.5,133.0,19.0,0.0,4.0,3.0,9.0,0
16.0,0.0,1.5,1.0,6.7,0.5,153.0,9.0,0.0,1.0,9.0,6.0,0
18.0,1.0,7.3,2.0,7.3,2.8,46.0,14.0,0.0,1.0,8.0,1.0,0
13.0,0.0,2.3,1.0,4.5,0.7,127.0,18.0,0.0,6.0,3.0,7.0,0
14.0,0.0,5.8,0.0,5.1,2.6,35.0,0.0,2.0,7.0,5.0,2.0,0
18.54254069337189,1.0,7.422872965331406,1.7712703466859456,4.628729653314054,1.6058566879826488,195.17016277348756,9.372377919884325,0.4574593066281085,8.542540693371892,7.457459306628109,5.457459306628109,1
18.0,0.0,6.2,1.0,8.6,1.5,1.0,16.0,0.0,4.0,5.0,7.0,0
15.0,1.0,4.2,1.0,6.8,1.1,175.0,5.0,1.0,3.0,6.0,8.0,0
15.362570098501793,0.36257009850179345,5.94385514775269,0.6374299014982066,5.417542059101076,0.6,44.0,4.350841182021521,0.36257009850179345,8.08771029550538,8.637429901498207,10.0,1
18.0,1.0,2.2,0.0,6.5,1.9,147.0,18.0,0.0,1.0,6.0,2.0,0
14.0,0.0,5.6,0.0,7.0,1.9,137.0,14.0,0.0,5.0,7.0,3.0,0
15.0,1.0,2.7,2.0,8.8,1.9,111.0,14.0,1.0,8.0,10.0,3.0,0
17.0,0.0,3.9,2.0,7.7,1.0,128.0,17.0,1.0,7.0,4.0,5.0,0
19.0,1.0,3.9,2.0,7.9,2.1,136.0,4.0,1.0,3.0,2.0,4.0,0
19.0,0.0,2.3,0.0,6.9,2.3,96.0,16.0,2.0,3.0,6.0,10.0,0
16.0,0.0,4.8,2.0,6.8,1.0,134.0,8.0,2.0,1.0,5.0,6.0,0
17.667181540397415,1.0,7.2,1.066563691920517,4.946749046463586,1.4732200611125688,44.332818459602585,8.532509535364136,0.0,8.133127383841034,8.066563691920518,3.933436308079483,1
18.0,0.0,1.6,0.0,8.6,2.6,57.0,15.0,2.0,8.0,8.0,10.0,0
18.0,1.0,3.1,2.0,6.8,2.0,8.0,3.0,0.0,1.0,3.0,4.0,0
19.0,1.0,1.4,2.0,8.0,2.5,146.0,17.0,0.0,4.0,8.0,3.0,0
17.0,0.0,4.5,2.0,4.9,0.5,189.0,9.0,2.0,5.0,3.0,1.0,0
16.0,1.0,3.4,0.0,5.3,1.8,122.0,11.0,0.0,9.0,2.0,4.0,0
18.0,1.0,3.6,0.0,5.4,0.9,133.0,12.0,2.0,1.0,10.0,2.0,0
13.0,1.0,7.4,2.0,6.7,2.0,156.0,0.0,0.0,10.0,1.0,1.0,0
17.0,1.0,7.5,1.0,5.4,2.3,189.0,14.0,2.0,7.0,9.0,7.0,1
19.0,1.0,3.5,0.0,4.9,0.5,119.0,10.0,1.0,8.0,4.0,3.0,0
19.0,0.0,5.9,2.0,7.2,0.9,87.0,10.0,0.0,7.0,9.0,3.0,0
15.651484771857788,0.651484771857788,5.230296954371557,0.651484771857788,4.230296954371557,1.9530697965848756,145.04554568442663,7.5148477185778795,1.3485152281422121,7.697030456284424,7.0,7.5603934030045155,1
